2748000,301,ENGLISH CORE,045,D1,false
2748000,042,PHYSICS,051,D2,false
2748000,043,CHEMISTRY,060,C2,false
2748000,041,MATHEMATICS,044,C2,false
2748000,048,PHYSICAL EDUCATION,076,B2,false
2748000,500,WORK EXPERIENCE,---,A2,false
2748000,502,PHY & HEALTH EDUCA,---,A1,false
2748000,503,GENERAL STUDIES,---,A1,false
2748000,"",Result: PASS,"","",false
2748001,301,ENGLISH CORE,052,C2,false
2748001,048,PHYSICAL EDUCATION,053,D2,false
2748001,041,MATHEMATICS,014F,E,false
2748001,042,PHYSICS,048,D2,false
2748001,043,CHEMISTRY,056,D1,false
2748001,500,WORK EXPERIENCE,---,A2,false
2748001,502,PHY & HEALTH EDUCA,---,A1,false
2748001,503,GENERAL STUDIES,---,A1,false
2748001,"",Result: COMP,"","",false
2748002,301,ENGLISH CORE,033,D2,false
2748002,302,HINDI CORE,055,D1,false
2748002,029,GEOGRAPHY,053,D1,false
2748002,027,HISTORY,042,C2,false
2748002,048,PHYSICAL EDUCATION,045,D2,false
2748002,500,WORK EXPERIENCE,---,A2,false
2748002,502,PHY & HEALTH EDUCA,---,A2,false
2748002,503,GENERAL STUDIES,---,A2,false
2748002,039,SOCIOLOGY,030 FT,E,true
2748002,"",Result: PASS,"","",true
2748003,301,ENGLISH CORE,082,B1,false
2748003,030,ECONOMICS,073,A2,false
2748003,048,PHYSICAL EDUCATION,085,A2,false
2748003,054,BUSINESS STUDIES,075,B1,false
2748003,055,ACCOUNTANCY,069,B1,false
2748003,500,WORK EXPERIENCE,---,B1,false
2748003,502,PHY & HEALTH EDUCA,---,B2,false
2748003,503,GENERAL STUDIES,---,C2,false
2748003,"",Result: PASS,"","",false
2748004,301,ENGLISH CORE,057,C2,false
2748004,030,ECONOMICS,052,C1,false
2748004,054,BUSINESS STUDIES,073,B2,false
2748004,055,ACCOUNTANCY,058,C1,false
2748004,048,PHYSICAL EDUCATION,082,A2,false
2748004,500,WORK EXPERIENCE,---,A2,false
2748004,502,PHY & HEALTH EDUCA,---,A2,false
2748004,503,GENERAL STUDIES,---,A1,false
2748004,"",Result: PASS,"","",false
2748005,301,ENGLISH CORE,068,C1,false
2748005,030,ECONOMICS,048,C1,false
2748005,054,BUSINESS STUDIES,081,B1,false
2748005,055,ACCOUNTANCY,056,C1,false
2748005,048,PHYSICAL EDUCATION,073,B2,false
2748005,500,WORK EXPERIENCE,---,A1,false
2748005,502,PHY & HEALTH EDUCA,---,A2,false
2748005,503,GENERAL STUDIES,---,A2,false
2748005,"",Result: PASS,"","",false
2748006,301,ENGLISH CORE,073,B2,false
2748006,041,MATHEMATICS,014F,E,false
2748006,042,PHYSICS,050,D2,false
2748006,043,CHEMISTRY,063,C2,false
2748006,083,COMPUTER SCIENCE,073,C1,false
2748006,500,WORK EXPERIENCE,---,A2,false
2748006,502,PHY & HEALTH EDUCA,---,A1,false
2748006,503,GENERAL STUDIES,---,A1,false
2748006,"",Result: COMP,"","",false
2748007,301,ENGLISH CORE,058,C2,false
2748007,041,MATHEMATICS,033,D2,false
2748007,042,PHYSICS,050,D2,false
2748007,043,CHEMISTRY,040FT,E,false
2748007,048,PHYSICAL EDUCATION,075,B2,false
2748007,500,WORK EXPERIENCE,---,A2,false
2748007,502,PHY & HEALTH EDUCA,---,A2,false
2748007,503,GENERAL STUDIES,---,A1,false
2748007,"",Result: COMP,"","",false
2748008,301,ENGLISH CORE,050,D1,false
2748008,041,MATHEMATICS,012F,E,false
2748008,042,PHYSICS,039FT,E,false
2748008,043,CHEMISTRY,038FT,E,false
2748008,048,PHYSICAL EDUCATION,074,B2,false
2748008,500,WORK EXPERIENCE,---,A2,false
2748008,502,PHY & HEALTH EDUCA,---,A1,false
2748008,503,GENERAL STUDIES,---,A1,false
2748008,"",Result: FAIL,"","",false
2748009,301,ENGLISH CORE,056,C2,false
2748009,302,HINDI CORE,066,C1,false
2748009,028,POLITICAL SCIENCE,052,B2,false
2748009,030,ECONOMICS,041,C2,false
2748009,048,PHYSICAL EDUCATION,082,A2,false
2748009,500,WORK EXPERIENCE,---,A2,false
2748009,502,PHY & HEALTH EDUCA,---,A1,false
2748009,503,GENERAL STUDIES,---,A1,false
2748009,"",Result: PASS,"","",false
2748010,301,ENGLISH CORE,033,D2,false
2748010,302,HINDI CORE,044,D2,false
2748010,027,HISTORY,048,C1,false
2748010,028,POLITICAL SCIENCE,036,D1,false
2748010,048,PHYSICAL EDUCATION,068,C1,false
2748010,500,WORK EXPERIENCE,---,A1,false
2748010,502,PHY & HEALTH EDUCA,---,A1,false
2748010,503,GENERAL STUDIES,---,A1,false
2748010,"",Result: PASS,"","",false
2748011,154,BUSINESS STUDIES,043,D2,false
2748011,"",Result: XXXX,"","",false
2748012,043,CHEMISTRY,060,C2,false
2748012,"",Result: PASS,"","",false
2748013,043,CHEMISTRY,053,D2,false
2748013,"",Result: PASS,"","",false
2748014,042,PHYSICS,032FT,E,false
2748014,"",Result: COMP,"","",false
2748015,055,ACCOUNTANCY,047,D1,false
2748015,"",Result: PASS,"","",false
2748016,030,ECONOMICS,019F,E,false
2748016,"",Result: COMP,"","",false
2748017,041,MATHEMATICS,005F,E,false
2748017,301,ENGLISH CORE,041,D2,false
2748017,"",Result: XXXX,"","",false
2748018,041,MATHEMATICS,017F,E,false
2748018,042,PHYSICS,042FT,E,false
2748018,043,CHEMISTRY,057,D1,false
2748018,048,PHYSICAL EDUCATION,070,C1,false
2748018,301,ENGLISH CORE,072,B2,false
2748018,"",Result: XXXX,"","",false
2748019,044,BIOLOGY,057,D1,false
2748019,"",Result: XXXX,"","",false
2748020,301,ENGLISH CORE,040,D2,false
2748020,"",Result: PASS,"","",false
2748021,301,ENGLISH CORE,083,A2,false
2748021,041,MATHEMATICS,061,B2,false
2748021,042,PHYSICS,080,A2,false
2748021,043,CHEMISTRY,080,B1,false
2748021,048,PHYSICAL EDUCATION,072,B2,false
2748021,"",Result: XXXX,"","",false
2748022,041,MATHEMATICS,016F,E,false
2748022,"",Result: XXXX,"","",false
2748023,041,MATHEMATICS,"","",false
2748023,"",Result: XXXX,"","",false
2748024,041,MATHEMATICS,007F,E,false
2748024,"",Result: COMP,"","",false
2748025,055,ACCOUNTANCY,049,D1,false
2748025,"",Result: PASS,"","",false
2748026,154,BUSINESS STUDIES,051,C2,false
2748026,"",Result: PASS,"","",false
2748027,042,PHYSICS,038FT,E,false
2748027,"",Result: COMP,"","",false
2748028,042,PHYSICS,039FT,E,false
2748028,"",Result: COMP,"","",false
2748029,055,ACCOUNTANCY,019FT,E,false
2748029,"",Result: COMP,"","",false
2748030,055,ACCOUNTANCY,043,D2,false
2748030,"",Result: PASS,"","",false
2748031,154,BUSINESS STUDIES,063,C1,false
2748031,"",Result: PASS,"","",false
2748032,043,CHEMISTRY,059,C2,false
2748032,"",Result: PASS,"","",false
2748033,043,CHEMISTRY,041FT,E,false
2748033,"",Result: COMP,"","",false
2748034,301,ENGLISH CORE,052,C2,false
2748034,154,BUSINESS STUDIES,021F,E,false
2748034,"",Result: XXXX,"","",false
2748035,042,PHYSICS,044FT,E,false
2748035,043,CHEMISTRY,054,D1,false
2748035,041,MATHEMATICS,043,D1,false
2748035,067,MULTIMEDIA & WEB T,065,C2,false
2748035,301,ENGLISH CORE,050,D1,false
2748035,"",Result: XXXX,"","",false
2748036,043,CHEMISTRY,055,D1,false
2748036,"",Result: PASS,"","",false
2748037,042,PHYSICS,041FT,E,false
2748037,"",Result: COMP,"","",false
2748038,042,PHYSICS,037FT,E,false
2748038,043,CHEMISTRY,035FT,E,false
2748038,044,BIOLOGY,056,D1,false
2748038,"",Result: XXXX,"","",false
2748039,043,CHEMISTRY,056,D1,false
2748039,"",Result: PASS,"","",false
2748040,042,PHYSICS,036FT,E,false
2748040,"",Result: COMP,"","",false
2748041,042,PHYSICS,038FT,E,false
2748041,"",Result: COMP,"","",false
2748042,043,CHEMISTRY,056,D1,false
2748042,"",Result: PASS,"","",false
2748043,154,BUSINESS STUDIES,040,D2,false
2748043,"",Result: PASS,"","",false
2748044,043,CHEMISTRY,075,B2,false
2748044,044,BIOLOGY,064,C2,false
2748044,"",Result: XXXX,"","",false
2748045,301,ENGLISH CORE,093,A1,false
2748045,041,MATHEMATICS,018F,E,false
2748045,042,PHYSICS,055,D1,false
2748045,043,CHEMISTRY,056,D1,false
2748045,048,PHYSICAL EDUCATION,072,B2,false
2748045,"",Result: XXXX,"","",false
2748046,301,ENGLISH CORE,051,D1,false
2748046,"",Result: XXXX,"","",false
2748047,041,MATHEMATICS,043,D1,false
2748047,042,PHYSICS,056,C2,false
2748047,043,CHEMISTRY,055,D1,false
2748047,044,BIOLOGY,095,A1,false
2748047,"",Result: XXXX,"","",false
2748048,041,MATHEMATICS,044,C2,false
2748048,"",Result: PASS,"","",false
2748049,041,MATHEMATICS,043,D1,false
2748049,"",Result: PASS,"","",false
2748050,030,ECONOMICS,018F,E,false
2748050,"",Result: COMP,"","",false
2748051,042,PHYSICS,066,B2,false
2748051,"",Result: PASS,"","",false
2748053,041,MATHEMATICS,055,C1,false
2748053,302,HINDI CORE,061,C2,false
2748053,043,CHEMISTRY,053,D2,false
2748053,042,PHYSICS,056,C2,false
2748053,301,ENGLISH CORE,062,C1,false
2748053,"",Result: XXXX,"","",false
2748054,041,MATHEMATICS,037,D1,false
2748054,"",Result: PASS,"","",false
2748055,041,MATHEMATICS,019F,E,false
2748055,"",Result: COMP,"","",false
2748056,041,MATHEMATICS,035,D2,false
2748056,"",Result: PASS,"","",false
2748057,041,MATHEMATICS,046,C2,false
2748057,042,PHYSICS,058,C2,false
2748057,043,CHEMISTRY,064,C2,false
2748057,"",Result: XXXX,"","",false
2748058,301,ENGLISH CORE,056,C2,false
2748058,043,CHEMISTRY,056,D1,false
2748058,"",Result: XXXX,"","",false
2748059,055,ACCOUNTANCY,049,D1,false
2748059,"",Result: PASS,"","",false
2748060,043,CHEMISTRY,049,D2,false
2748060,"",Result: PASS,"","",false
2748061,041,MATHEMATICS,044,C2,false
2748061,"",Result: PASS,"","",false
2748062,301,ENGLISH CORE,034,D2,false
2748062,043,CHEMISTRY,029FT,E,false
2748062,042,PHYSICS,031FT,E,false
2748062,041,MATHEMATICS,007F,E,false
2748062,048,PHYSICAL EDUCATION,065,C2,false
2748062,"",Result: FAIL,"","",false
2748063,041,MATHEMATICS,018F,E,false
2748063,"",Result: COMP,"","",false
2748064,041,MATHEMATICS,034,D2,false
2748064,"",Result: PASS,"","",false
2748065,030,ECONOMICS,018F,E,false
2748065,"",Result: COMP,"","",false
2748066,043,CHEMISTRY,035FT,E,false
2748066,"",Result: COMP,"","",false
2748067,301,ENGLISH CORE,055,C2,false
2748067,042,PHYSICS,051,D2,false
2748067,043,CHEMISTRY,032FT,E,false
2748067,041,MATHEMATICS,037,D1,false
2748067,048,PHYSICAL EDUCATION,067,C1,false
2748067,"",Result: COMP,"","",false
2748068,041,MATHEMATICS,012F,E,false
2748068,"",Result: COMP,"","",false
2748069,030,ECONOMICS,051,C1,false
2748069,"",Result: PASS,"","",false
2748070,301,ENGLISH CORE,040,D2,false
2748070,034,MUSIC HIND.VOCAL,095,A2,false
2748070,042,PHYSICS,048,D2,false
2748070,043,CHEMISTRY,052,D2,false
2748070,048,PHYSICAL EDUCATION,046FT,E,false
2748070,041,MATHEMATICS,007 F,E,true
2748070,"",Result: COMP,"","",true
2748071,041,MATHEMATICS,018F,E,false
2748071,"",Result: XXXX,"","",false
2748072,042,PHYSICS,034FT,E,false
2748072,"",Result: XXXX,"","",false
2748073,041,MATHEMATICS,018F,E,false
2748073,"",Result: COMP,"","",false
2748074,041,MATHEMATICS,007F,E,false
2748074,"",Result: COMP,"","",false
2748075,042,PHYSICS,061,C1,false
2748075,"",Result: PASS,"","",false
2748076,043,CHEMISTRY,035FT,E,false
2748076,"",Result: COMP,"","",false
2748077,042,PHYSICS,029FT,E,false
2748077,"",Result: COMP,"","",false
2748078,301,ENGLISH CORE,018F,E,false
2748078,"",Result: COMP,"","",false
2748079,041,MATHEMATICS,011F,E,false
2748079,042,PHYSICS,079,A2,false
2748079,"",Result: XXXX,"","",false
2748080,042,PHYSICS,058,C2,false
2748080,"",Result: XXXX,"","",false
2748081,154,BUSINESS STUDIES,"","",false
2748081,"",Result: ABST,"","",false
2748082,055,ACCOUNTANCY,023FT,E,false
2748082,"",Result: COMP,"","",false
2748083,043,CHEMISTRY,060,C2,false
2748083,"",Result: PASS,"","",false
2748084,041,MATHEMATICS,078,A2,false
2748084,"",Result: XXXX,"","",false
2748085,042,PHYSICS,059,C1,false
2748085,"",Result: XXXX,"","",false
2748086,030,ECONOMICS,003F,E,false
2748086,"",Result: COMP,"","",false
2748087,041,MATHEMATICS,066,B1,false
2748087,042,PHYSICS,070,B1,false
2748087,043,CHEMISTRY,070,C1,false
2748087,"",Result: XXXX,"","",false
2748088,041,MATHEMATICS,000F,E,false
2748088,042,PHYSICS,034FT,E,false
2748088,"",Result: XXXX,"","",false
2748089,041,MATHEMATICS,043,D1,false
2748089,301,ENGLISH CORE,050,D1,false
2748089,042,PHYSICS,027FT,E,false
2748089,048,PHYSICAL EDUCATION,029FT,E,false
2748089,043,CHEMISTRY,028FT,E,false
2748089,034,MUSIC HIND.VOCAL,067 FT,E,true
2748089,"",Result: XXXX,"","",true
2748090,044,BIOLOGY,057,D1,false
2748090,043,CHEMISTRY,043FT,E,false
2748090,"",Result: XXXX,"","",false
2748091,041,MATHEMATICS,005F,E,false
2748091,"",Result: COMP,"","",false
2748092,055,ACCOUNTANCY,048,D1,false
2748092,"",Result: PASS,"","",false
2748093,030,ECONOMICS,009F,E,false
2748093,"",Result: COMP,"","",false
2748094,055,ACCOUNTANCY,054,C2,false
2748094,"",Result: PASS,"","",false
2748095,041,MATHEMATICS,073,B1,false
2748095,042,PHYSICS,058,C2,false
2748095,"",Result: XXXX,"","",false
2748096,042,PHYSICS,030FT,E,false
2748096,"",Result: XXXX,"","",false
2748097,301,ENGLISH CORE,061,C1,false
2748097,041,MATHEMATICS,045,C2,false
2748097,042,PHYSICS,064,B2,false
2748097,043,CHEMISTRY,061,C2,false
2748097,048,PHYSICAL EDUCATION,081,B1,false
2748097,"",Result: PASS,"","",false
2748098,043,CHEMISTRY,059,C2,false
2748098,"",Result: PASS,"","",false
2748099,041,MATHEMATICS,036,D1,false
2748099,"",Result: PASS,"","",false
2748100,030,ECONOMICS,008F,E,false
2748100,"",Result: COMP,"","",false
2748101,043,CHEMISTRY,058,D1,false
2748101,"",Result: PASS,"","",false
2748102,041,MATHEMATICS,022F,E,false
2748102,301,ENGLISH CORE,063,C1,false
2748102,042,PHYSICS,063,C1,false
2748102,043,CHEMISTRY,046FT,E,false
2748102,048,PHYSICAL EDUCATION,083,A2,false
2748102,"",Result: XXXX,"","",false
2748103,041,MATHEMATICS,038,D1,false
2748103,"",Result: XXXX,"","",false
2748104,043,CHEMISTRY,070,C1,false
2748104,"",Result: PASS,"","",false
2748105,055,ACCOUNTANCY,"","",false
2748105,"",Result: ABST,"","",false
2748106,042,PHYSICS,043,D2,false
2748106,"",Result: PASS,"","",false
2748107,041,MATHEMATICS,033,D2,false
2748107,"",Result: PASS,"","",false
2748108,041,MATHEMATICS,014F,E,false
2748108,"",Result: XXXX,"","",false
2748109,041,MATHEMATICS,036,D1,false
2748109,"",Result: PASS,"","",false
2748110,042,PHYSICS,052,D1,false
2748110,"",Result: PASS,"","",false
2748111,042,PHYSICS,040FT,E,false
2748111,"",Result: COMP,"","",false
2748112,055,ACCOUNTANCY,"","",false
2748112,154,BUSINESS STUDIES,"","",false
2748112,"",Result: XXXX,"","",false
2748113,154,BUSINESS STUDIES,"","",false
2748113,055,ACCOUNTANCY,"","",false
2748113,"",Result: XXXX,"","",false
2748114,055,ACCOUNTANCY,029FT,E,false
2748114,"",Result: COMP,"","",false
2748115,041,MATHEMATICS,013F,E,false
2748115,"",Result: COMP,"","",false
2748116,030,ECONOMICS,057,B2,false
2748116,"",Result: PASS,"","",false
2748117,043,CHEMISTRY,078,B1,false
2748117,044,BIOLOGY,073,C1,false
2748117,"",Result: XXXX,"","",false
2748118,041,MATHEMATICS,061,B2,false
2748118,"",Result: XXXX,"","",false
2748119,301,ENGLISH CORE,049,D1,false
2748119,048,PHYSICAL EDUCATION,057,D1,false
2748119,"",Result: XXXX,"","",false
2748120,041,MATHEMATICS,022F,E,false
2748120,301,ENGLISH CORE,061,C1,false
2748120,"",Result: XXXX,"","",false
2748121,301,ENGLISH CORE,066,C1,false
2748121,083,COMPUTER SCIENCE,075,C1,false
2748121,041,MATHEMATICS,060,B2,false
2748121,042,PHYSICS,061,C1,false
2748121,043,CHEMISTRY,055,D1,false
2748121,"",Result: PASS,"","",false
2748122,041,MATHEMATICS,046,C2,false
2748122,"",Result: PASS,"","",false
2748123,041,MATHEMATICS,009F,E,false
2748123,"",Result: COMP,"","",false
2748124,043,CHEMISTRY,041FT,E,false
2748124,"",Result: COMP,"","",false
2748125,041,MATHEMATICS,"","",false
2748125,"",Result: XXXX,"","",false
2748126,041,MATHEMATICS,003F,E,false
2748126,"",Result: XXXX,"","",false
2748127,030,ECONOMICS,011F,E,false
2748127,"",Result: COMP,"","",false
2748128,043,CHEMISTRY,069,C1,false
2748128,"",Result: PASS,"","",false
2748129,048,PHYSICAL EDUCATION,061,D1,false
2748129,301,ENGLISH CORE,054,C2,false
2748129,"",Result: XXXX,"","",false
2748130,041,MATHEMATICS,048,C2,false
2748130,"",Result: PASS,"","",false
2748131,042,PHYSICS,032FT,E,false
2748131,"",Result: COMP,"","",false
2748132,042,PHYSICS,050,D2,false
2748132,"",Result: PASS,"","",false
2748133,042,PHYSICS,036FT,E,false
2748133,"",Result: COMP,"","",false
2748134,042,PHYSICS,033FT,E,false
2748134,"",Result: COMP,"","",false
2748135,055,ACCOUNTANCY,046,D1,false
2748135,"",Result: PASS,"","",false
2748136,030,ECONOMICS,005F,E,false
2748136,"",Result: COMP,"","",false
2748137,042,PHYSICS,039FT,E,false
2748137,"",Result: COMP,"","",false
2748138,042,PHYSICS,035FT,E,false
2748138,"",Result: COMP,"","",false
2748139,055,ACCOUNTANCY,032FT,E,false
2748139,"",Result: COMP,"","",false
2748140,041,MATHEMATICS,066,B1,false
2748140,301,ENGLISH CORE,094,A1,false
2748140,"",Result: XXXX,"","",false
2748141,041,MATHEMATICS,020F,E,false
2748141,"",Result: XXXX,"","",false
2748142,301,ENGLISH CORE,"","",false
2748142,104,PUNJABI,"","",false
2748142,028,POLITICAL SCIENCE,"","",false
2748142,030,ECONOMICS,"","",false
2748142,048,PHYSICAL EDUCATION,"","",false
2748142,"",Result: ABST,"","",false
2748143,042,PHYSICS,032FT,E,false
2748143,"",Result: COMP,"","",false
2748144,041,MATHEMATICS,044,C2,false
2748144,042,PHYSICS,057,C2,false
2748144,"",Result: XXXX,"","",false
2748145,041,MATHEMATICS,043,D1,false
2748145,"",Result: XXXX,"","",false
2748146,043,CHEMISTRY,061,C2,false
2748146,"",Result: XXXX,"","",false
2748147,030,ECONOMICS,014F,E,false
2748147,"",Result: COMP,"","",false
2748148,042,PHYSICS,058,C2,false
2748148,"",Result: PASS,"","",false
2748149,041,MATHEMATICS,013F,E,false
2748149,"",Result: COMP,"","",false
2748150,043,CHEMISTRY,"","",false
2748150,"",Result: ABST,"","",false
2748151,055,ACCOUNTANCY,043,D2,false
2748151,"",Result: PASS,"","",false
2748152,055,ACCOUNTANCY,017FT,E,false
2748152,"",Result: COMP,"","",false
2748153,030,ECONOMICS,046,C1,false
2748153,"",Result: PASS,"","",false
2748154,041,MATHEMATICS,014F,E,false
2748154,"",Result: COMP,"","",false
2748155,041,MATHEMATICS,094,A1,false
2748155,"",Result: XXXX,"","",false
2748156,041,MATHEMATICS,038,D1,false
2748156,"",Result: XXXX,"","",false
2748157,028,POLITICAL SCIENCE,043,C2,false
2748157,"",Result: PASS,"","",false
2748158,042,PHYSICS,042FT,E,false
2748158,"",Result: COMP,"","",false
2748159,042,PHYSICS,053,D1,false
2748159,"",Result: PASS,"","",false
2748160,041,MATHEMATICS,"","",false
2748160,"",Result: XXXX,"","",false
2748161,041,MATHEMATICS,018F,E,false
2748161,"",Result: XXXX,"","",false
2748162,041,MATHEMATICS,017F,E,false
2748162,"",Result: XXXX,"","",false
2748163,041,MATHEMATICS,033,D2,false
2748163,"",Result: PASS,"","",false
2748164,055,ACCOUNTANCY,018FT,E,false
2748164,"",Result: COMP,"","",false
2748165,041,MATHEMATICS,007F,E,false
2748165,"",Result: COMP,"","",false
2748167,042,PHYSICS,056,C2,false
2748167,"",Result: PASS,"","",false
2748168,030,ECONOMICS,009F,E,false
2748168,"",Result: COMP,"","",false
2748169,301,ENGLISH CORE,040,D2,false
2748169,"",Result: PASS,"","",false
2748170,041,MATHEMATICS,051,C1,false
2748170,"",Result: XXXX,"","",false
2748171,041,MATHEMATICS,043,D1,false
2748171,042,PHYSICS,056,C2,false
2748171,"",Result: XXXX,"","",false
2748172,030,ECONOMICS,033,D2,false
2748172,"",Result: PASS,"","",false
2748173,042,PHYSICS,056,C2,false
2748173,"",Result: PASS,"","",false
2748174,301,ENGLISH CORE,084,A2,false
2748174,027,HISTORY,065,A2,false
2748174,028,POLITICAL SCIENCE,033,D2,false
2748174,030,ECONOMICS,033,D2,false
2748174,104,PUNJABI,062,C1,false
2748174,"",Result: PASS,"","",false
2748175,101,FUNCTIONAL ENGLISH,052,D2,false
2748175,048,PHYSICAL EDUCATION,051,D2,false
2748175,042,PHYSICS,030FT,E,false
2748175,041,MATHEMATICS,043,D1,false
2748175,049,PAINTING,080,C1,false
2748175,043,CHEMISTRY,029 FT,E,true
2748175,"",Result: COMP,"","",true
2748176,101,FUNCTIONAL ENGLISH,041,D2,false
2748176,049,PAINTING,086,B2,false
2748176,154,BUSINESS STUDIES,033,D2,false
2748176,055,ACCOUNTANCY,039,D2,false
2748176,048,PHYSICAL EDUCATION,060,D1,false
2748176,066,ENTREPRENEURSHIP,032 FT,E,true
2748176,"",Result: PASS,"","",true
2748177,042,PHYSICS,055,D1,false
2748177,"",Result: XXXX,"","",false
2748178,042,PHYSICS,063,C1,false
2748178,"",Result: PASS,"","",false
2748179,042,PHYSICS,039FT,E,false
2748179,"",Result: COMP,"","",false
2748180,041,MATHEMATICS,003F,E,false
2748180,"",Result: COMP,"","",false
2748181,041,MATHEMATICS,008F,E,false
2748181,"",Result: COMP,"","",false
2748182,041,MATHEMATICS,037,D1,false
2748182,"",Result: XXXX,"","",false
2748183,041,MATHEMATICS,016F,E,false
2748183,042,PHYSICS,044FT,E,false
2748183,"",Result: XXXX,"","",false
2748184,301,ENGLISH CORE,021F,E,false
2748184,048,PHYSICAL EDUCATION,056,D1,false
2748184,"",Result: XXXX,"","",false
2748185,030,ECONOMICS,011F,E,false
2748185,"",Result: COMP,"","",false
2748186,041,MATHEMATICS,011F,E,false
2748186,"",Result: COMP,"","",false
2748187,301,ENGLISH CORE,069,B2,false
2748187,048,PHYSICAL EDUCATION,059,D1,false
2748187,042,PHYSICS,058,C2,false
2748187,043,CHEMISTRY,054,D1,false
2748187,041,MATHEMATICS,046,C2,false
2748187,"",Result: XXXX,"","",false
2748188,041,MATHEMATICS,014F,E,false
2748188,"",Result: XXXX,"","",false
2748189,301,ENGLISH CORE,077,B1,false
2748189,043,CHEMISTRY,070,C1,false
2748189,041,MATHEMATICS,060,B2,false
2748189,048,PHYSICAL EDUCATION,084,A2,false
2748189,042,PHYSICS,082,A2,false
2748189,"",Result: XXXX,"","",false
2748190,301,ENGLISH CORE,068,C1,false
2748190,042,PHYSICS,056,C2,false
2748190,041,MATHEMATICS,048,C2,false
2748190,043,CHEMISTRY,062,C2,false
2748190,048,PHYSICAL EDUCATION,076,B2,false
2748190,"",Result: XXXX,"","",false
2748191,302,HINDI CORE,091,A1,false
2748191,041,MATHEMATICS,033,D2,false
2748191,"",Result: XXXX,"","",false
2748192,041,MATHEMATICS,063,B2,false
2748192,042,PHYSICS,069,B2,false
2748192,043,CHEMISTRY,079,B1,false
2748192,048,PHYSICAL EDUCATION,072,B2,false
2748192,"",Result: XXXX,"","",false
2748193,301,ENGLISH CORE,082,B1,false
2748193,041,MATHEMATICS,ABA,"",false
2748193,043,CHEMISTRY,027FT,E,false
2748193,048,PHYSICAL EDUCATION,054,D2,false
2748193,"",Result: XXXX,"","",false
2748194,041,MATHEMATICS,035,D2,false
2748194,301,ENGLISH CORE,044,D1,false
2748194,064,HOME SCIENCE,071,B1,false
2748194,"",Result: XXXX,"","",false
2748195,041,MATHEMATICS,060,B2,false
2748195,"",Result: XXXX,"","",false
2748196,041,MATHEMATICS,056,C1,false
2748196,042,PHYSICS,079,A2,false
2748196,043,CHEMISTRY,076,B2,false
2748196,048,PHYSICAL EDUCATION,080,B1,false
2748196,301,ENGLISH CORE,084,A2,false
2748196,"",Result: XXXX,"","",false
2748197,301,ENGLISH CORE,082,B1,false
2748197,041,MATHEMATICS,080,A2,false
2748197,042,PHYSICS,082,A2,false
2748197,043,CHEMISTRY,085,A2,false
2748197,048,PHYSICAL EDUCATION,081,B1,false
2748197,"",Result: XXXX,"","",false
2748198,043,CHEMISTRY,091,A2,false
2748198,041,MATHEMATICS,065,B2,false
2748198,"",Result: XXXX,"","",false
2748199,041,MATHEMATICS,058,B2,false
2748199,"",Result: XXXX,"","",false
2748200,041,MATHEMATICS,009F,E,false
2748200,043,CHEMISTRY,044FT,E,false
2748200,042,PHYSICS,038FT,E,false
2748200,083,COMPUTER SCIENCE,030FT,E,false
2748200,"",Result: XXXX,"","",false
2748201,042,PHYSICS,"","",false
2748201,043,CHEMISTRY,"","",false
2748201,"",Result: XXXX,"","",false
2748202,301,ENGLISH CORE,"","",false
2748202,042,PHYSICS,"","",false
2748202,043,CHEMISTRY,"","",false
2748202,041,MATHEMATICS,"","",false
2748202,048,PHYSICAL EDUCATION,"","",false
2748202,"",Result: XXXX,"","",false
2748203,301,ENGLISH CORE,064,C1,false
2748203,041,MATHEMATICS,072,B1,false
2748203,042,PHYSICS,083,A2,false
2748203,043,CHEMISTRY,070,C1,false
2748203,048,PHYSICAL EDUCATION,078,B1,false
2748203,"",Result: XXXX,"","",false
2748204,042,PHYSICS,094,A1,false
2748204,041,MATHEMATICS,095,A1,false
2748204,048,PHYSICAL EDUCATION,087,A2,false
2748204,"",Result: XXXX,"","",false
2748205,042,PHYSICS,"","",false
2748205,043,CHEMISTRY,"","",false
2748205,041,MATHEMATICS,"","",false
2748205,"",Result: XXXX,"","",false
2748206,041,MATHEMATICS,021F,E,false
2748206,"",Result: XXXX,"","",false
2748207,041,MATHEMATICS,049,C1,false
2748207,"",Result: XXXX,"","",false
2748208,041,MATHEMATICS,"","",false
2748208,042,PHYSICS,"","",false
2748208,043,CHEMISTRY,"","",false
2748208,"",Result: XXXX,"","",false
2748209,301,ENGLISH CORE,067,C1,false
2748209,041,MATHEMATICS,012F,E,false
2748209,"",Result: XXXX,"","",false
2748210,043,CHEMISTRY,054,D1,false
2748210,044,BIOLOGY,054,D2,false
2748210,"",Result: XXXX,"","",false
2748211,301,ENGLISH CORE,083,A2,false
2748211,041,MATHEMATICS,043,D1,false
2748211,042,PHYSICS,058,C2,false
2748211,043,CHEMISTRY,045FT,E,false
2748211,048,PHYSICAL EDUCATION,078,B1,false
2748211,"",Result: XXXX,"","",false
2748212,302,HINDI CORE,077,B1,false
2748212,030,ECONOMICS,067,B1,false
2748212,154,BUSINESS STUDIES,077,B1,false
2748212,"",Result: XXXX,"","",false
2748213,041,MATHEMATICS,051,C1,false
2748213,"",Result: XXXX,"","",false
2748214,041,MATHEMATICS,020F,E,false
2748214,"",Result: XXXX,"","",false
2748215,301,ENGLISH CORE,050,D1,false
2748215,042,PHYSICS,056,C2,false
2748215,043,CHEMISTRY,075,B2,false
2748215,041,MATHEMATICS,047,C2,false
2748215,"",Result: XXXX,"","",false
2748216,041,MATHEMATICS,"","",false
2748216,"",Result: XXXX,"","",false
2748217,041,MATHEMATICS,046,C2,false
2748217,042,PHYSICS,070,B1,false
2748217,"",Result: XXXX,"","",false
2748218,041,MATHEMATICS,047,C2,false
2748218,301,ENGLISH CORE,061,C1,false
2748218,048,PHYSICAL EDUCATION,052,D2,false
2748218,"",Result: XXXX,"","",false
2748219,041,MATHEMATICS,068,B1,false
2748219,042,PHYSICS,062,C1,false
2748219,043,CHEMISTRY,064,C2,false
2748219,301,ENGLISH CORE,074,B2,false
2748219,048,PHYSICAL EDUCATION,077,B1,false
2748219,"",Result: XXXX,"","",false
2748220,041,MATHEMATICS,004F,E,false
2748220,042,PHYSICS,040FT,E,false
2748220,043,CHEMISTRY,054,D1,false
2748220,"",Result: XXXX,"","",false
2748221,041,MATHEMATICS,035,D2,false
2748221,042,PHYSICS,053,D1,false
2748221,"",Result: XXXX,"","",false
2748222,041,MATHEMATICS,016F,E,false
2748222,048,PHYSICAL EDUCATION,070,C1,false
2748222,"",Result: XXXX,"","",false
2748223,041,MATHEMATICS,033,D2,false
2748223,"",Result: XXXX,"","",false
2748224,301,ENGLISH CORE,067,C1,false
2748224,041,MATHEMATICS,008F,E,false
2748224,048,PHYSICAL EDUCATION,050,D2,false
2748224,"",Result: XXXX,"","",false
2748225,301,ENGLISH CORE,060,C2,false
2748225,041,MATHEMATICS,044,C2,false
2748225,042,PHYSICS,056,C2,false
2748225,"",Result: XXXX,"","",false
2748226,030,ECONOMICS,"","",false
2748226,154,BUSINESS STUDIES,"","",false
2748226,048,PHYSICAL EDUCATION,"","",false
2748226,"",Result: XXXX,"","",false
2748227,301,ENGLISH CORE,063,C1,false
2748227,048,PHYSICAL EDUCATION,077,B1,false
2748227,042,PHYSICS,066,B2,false
2748227,043,CHEMISTRY,082,B1,false
2748227,041,MATHEMATICS,047,C2,false
2748227,"",Result: XXXX,"","",false
2748228,041,MATHEMATICS,034,D2,false
2748228,"",Result: XXXX,"","",false
2748229,041,MATHEMATICS,021F,E,false
2748229,"",Result: XXXX,"","",false
2748230,041,MATHEMATICS,011F,E,false
2748230,043,CHEMISTRY,065,C1,false
2748230,"",Result: XXXX,"","",false
2748231,041,MATHEMATICS,"","",false
2748231,048,PHYSICAL EDUCATION,"","",false
2748231,"",Result: XXXX,"","",false
2748232,301,ENGLISH CORE,055,C2,false
2748232,041,MATHEMATICS,ABA,"",false
2748232,"",Result: XXXX,"","",false
2748233,042,PHYSICS,069,B2,false
2748233,043,CHEMISTRY,035FT,E,false
2748233,041,MATHEMATICS,060,B2,false
2748233,048,PHYSICAL EDUCATION,067,C1,false
2748233,301,ENGLISH CORE,064,C1,false
2748233,"",Result: XXXX,"","",false
2748234,042,PHYSICS,029FT,E,false
2748234,041,MATHEMATICS,087,A2,false
2748234,"",Result: XXXX,"","",false
2748235,041,MATHEMATICS,054,C1,false
2748235,043,CHEMISTRY,057,D1,false
2748235,083,COMPUTER SCIENCE,063,D1,false
2748235,301,ENGLISH CORE,072,B2,false
2748235,042,PHYSICS,064,B2,false
2748235,"",Result: XXXX,"","",false
2748236,042,PHYSICS,060,C1,false
2748236,043,CHEMISTRY,068,C1,false
2748236,041,MATHEMATICS,047,C2,false
2748236,301,ENGLISH CORE,082,B1,false
2748236,065,INFORMATICS PRAC.,086,B1,false
2748236,"",Result: XXXX,"","",false
2748237,041,MATHEMATICS,"","",false
2748237,"",Result: XXXX,"","",false
2748238,301,ENGLISH CORE,050,D1,false
2748238,030,ECONOMICS,041,C2,false
2748238,154,BUSINESS STUDIES,ABA,"",false
2748238,"",Result: XXXX,"","",false
2748239,041,MATHEMATICS,035,D2,false
2748239,042,PHYSICS,056,C2,false
2748239,"",Result: XXXX,"","",false
2748240,041,MATHEMATICS,015F,E,false
2748240,"",Result: XXXX,"","",false
2748241,041,MATHEMATICS,"","",false
2748241,"",Result: XXXX,"","",false
2748242,301,ENGLISH CORE,"","",false
2748242,041,MATHEMATICS,"","",false
2748242,042,PHYSICS,"","",false
2748242,043,CHEMISTRY,"","",false
2748242,083,COMPUTER SCIENCE,"","",false
2748242,"",Result: XXXX,"","",false
2748243,301,ENGLISH CORE,ABA,"",false
2748243,042,PHYSICS,028FT,E,false
2748243,044,BIOLOGY,030FT,E,false
2748243,048,PHYSICAL EDUCATION,030FT,E,false
2748243,"",Result: XXXX,"","",false
2748244,042,PHYSICS,"","",false
2748244,043,CHEMISTRY,"","",false
2748244,044,BIOLOGY,"","",false
2748244,048,PHYSICAL EDUCATION,"","",false
2748244,"",Result: XXXX,"","",false
2748245,048,PHYSICAL EDUCATION,"","",false
2748245,"",Result: XXXX,"","",false
2748246,041,MATHEMATICS,022F,E,false
2748246,"",Result: XXXX,"","",false
2748247,041,MATHEMATICS,076,B1,false
2748247,042,PHYSICS,068,B2,false
2748247,043,CHEMISTRY,076,B2,false
2748247,048,PHYSICAL EDUCATION,089,A1,false
2748247,301,ENGLISH CORE,087,A2,false
2748247,"",Result: XXXX,"","",false
2748248,041,MATHEMATICS,014F,E,false
2748248,"",Result: XXXX,"","",false
2748249,041,MATHEMATICS,057,B2,false
2748249,042,PHYSICS,030FT,E,false
2748249,"",Result: XXXX,"","",false
2748250,301,ENGLISH CORE,094,A1,false
2748250,041,MATHEMATICS,090,A2,false
2748250,042,PHYSICS,084,A2,false
2748250,043,CHEMISTRY,086,A2,false
2748250,048,PHYSICAL EDUCATION,090,A1,false
2748250,"",Result: XXXX,"","",false
2748251,301,ENGLISH CORE,072,B2,false
2748251,041,MATHEMATICS,095,A1,false
2748251,042,PHYSICS,079,A2,false
2748251,043,CHEMISTRY,079,B1,false
2748251,048,PHYSICAL EDUCATION,065,C2,false
2748251,"",Result: XXXX,"","",false
2748252,041,MATHEMATICS,044,C2,false
2748252,301,ENGLISH CORE,073,B2,false
2748252,"",Result: XXXX,"","",false
2748253,301,ENGLISH CORE,085,A2,false
2748253,042,PHYSICS,059,C1,false
2748253,043,CHEMISTRY,079,B1,false
2748253,041,MATHEMATICS,043,D1,false
2748253,065,INFORMATICS PRAC.,080,B2,false
2748253,"",Result: XXXX,"","",false
2748254,301,ENGLISH CORE,085,A2,false
2748254,048,PHYSICAL EDUCATION,077,B1,false
2748254,042,PHYSICS,072,B1,false
2748254,043,CHEMISTRY,079,B1,false
2748254,041,MATHEMATICS,065,B2,false
2748254,"",Result: XXXX,"","",false
2748255,041,MATHEMATICS,047,C2,false
2748255,301,ENGLISH CORE,073,B2,false
2748255,"",Result: XXXX,"","",false
2748256,301,ENGLISH CORE,087,A2,false
2748256,041,MATHEMATICS,067,B1,false
2748256,042,PHYSICS,060,C1,false
2748256,043,CHEMISTRY,072,B2,false
2748256,048,PHYSICAL EDUCATION,086,A2,false
2748256,"",Result: XXXX,"","",false
2748257,301,ENGLISH CORE,079,B1,false
2748257,042,PHYSICS,073,B1,false
2748257,"",Result: XXXX,"","",false
2748258,041,MATHEMATICS,ABA,"",false
2748258,043,CHEMISTRY,028FT,E,false
2748258,301,ENGLISH CORE,072,B2,false
2748258,302,HINDI CORE,ABA,"",false
2748258,"",Result: XXXX,"","",false
2748259,041,MATHEMATICS,"","",false
2748259,042,PHYSICS,"","",false
2748259,043,CHEMISTRY,"","",false
2748259,"",Result: XXXX,"","",false
2748260,301,ENGLISH CORE,075,B2,false
2748260,042,PHYSICS,056,C2,false
2748260,043,CHEMISTRY,069,C1,false
2748260,041,MATHEMATICS,058,B2,false
2748260,048,PHYSICAL EDUCATION,086,A2,false
2748260,"",Result: XXXX,"","",false
2748261,041,MATHEMATICS,084,A2,false
2748261,042,PHYSICS,030FT,E,false
2748261,"",Result: XXXX,"","",false
2748262,041,MATHEMATICS,043,D1,false
2748262,"",Result: XXXX,"","",false
2748263,041,MATHEMATICS,"","",false
2748263,"",Result: XXXX,"","",false
2748264,042,PHYSICS,027FT,E,false
2748264,043,CHEMISTRY,026FT,E,false
2748264,041,MATHEMATICS,ABA,"",false
2748264,048,PHYSICAL EDUCATION,028FT,E,false
2748264,301,ENGLISH CORE,067,C1,false
2748264,"",Result: XXXX,"","",false
2748265,042,PHYSICS,057,C2,false
2748265,043,CHEMISTRY,059,C2,false
2748265,044,BIOLOGY,059,D1,false
2748265,048,PHYSICAL EDUCATION,053,D2,false
2748265,"",Result: XXXX,"","",false
2748266,041,MATHEMATICS,"","",false
2748266,"",Result: XXXX,"","",false
2748267,041,MATHEMATICS,063,B2,false
2748267,"",Result: XXXX,"","",false
2748268,041,MATHEMATICS,060,B2,false
2748268,042,PHYSICS,028FT,E,false
2748268,301,ENGLISH CORE,063,C1,false
2748268,"",Result: XXXX,"","",false
2748269,041,MATHEMATICS,007F,E,false
2748269,"",Result: XXXX,"","",false
2748270,041,MATHEMATICS,064,B2,false
2748270,042,PHYSICS,084,A2,false
2748270,043,CHEMISTRY,064,C2,false
2748270,048,PHYSICAL EDUCATION,084,A2,false
2748270,301,ENGLISH CORE,080,B1,false
2748270,"",Result: XXXX,"","",false
2748271,041,MATHEMATICS,094,A1,false
2748271,"",Result: XXXX,"","",false
2748272,041,MATHEMATICS,043,D1,false
2748272,042,PHYSICS,064,B2,false
2748272,"",Result: XXXX,"","",false
2748273,042,PHYSICS,072,B1,false
2748273,043,CHEMISTRY,082,B1,false
2748273,041,MATHEMATICS,063,B2,false
2748273,048,PHYSICAL EDUCATION,087,A2,false
2748273,"",Result: XXXX,"","",false
2748274,041,MATHEMATICS,"","",false
2748274,"",Result: XXXX,"","",false
2748275,041,MATHEMATICS,013F,E,false
2748275,042,PHYSICS,062,C1,false
2748275,048,PHYSICAL EDUCATION,030FT,E,false
2748275,"",Result: XXXX,"","",false
2748276,042,PHYSICS,"","",false
2748276,043,CHEMISTRY,"","",false
2748276,044,BIOLOGY,"","",false
2748276,"",Result: XXXX,"","",false
2748277,041,MATHEMATICS,077,A2,false
2748277,043,CHEMISTRY,089,A2,false
2748277,"",Result: XXXX,"","",false
2748278,301,ENGLISH CORE,"","",false
2748278,048,PHYSICAL EDUCATION,"","",false
2748278,154,BUSINESS STUDIES,"","",false
2748278,"",Result: UFM.,"","",false
2748279,041,MATHEMATICS,054,C1,false
2748279,"",Result: XXXX,"","",false
2748280,041,MATHEMATICS,005F,E,false
2748280,"",Result: XXXX,"","",false
2748281,041,MATHEMATICS,052,C1,false
2748281,042,PHYSICS,041FT,E,false
2748281,043,CHEMISTRY,064,C2,false
2748281,301,ENGLISH CORE,060,C2,false
2748281,"",Result: XXXX,"","",false
2748282,041,MATHEMATICS,010F,E,false
2748282,042,PHYSICS,038FT,E,false
2748282,043,CHEMISTRY,027FT,E,false
2748282,"",Result: XXXX,"","",false
2748283,041,MATHEMATICS,015F,E,false
2748283,048,PHYSICAL EDUCATION,080,B1,false
2748283,"",Result: XXXX,"","",false
2748284,043,CHEMISTRY,038FT,E,false
2748284,041,MATHEMATICS,049,C1,false
2748284,"",Result: XXXX,"","",false
2748285,041,MATHEMATICS,078,A2,false
2748285,301,ENGLISH CORE,069,B2,false
2748285,"",Result: XXXX,"","",false
2748286,301,ENGLISH CORE,063,C1,false
2748286,030,ECONOMICS,060,B2,false
2748286,"",Result: XXXX,"","",false
2748287,030,ECONOMICS,048,C1,false
2748287,302,HINDI CORE,061,C2,false
2748287,"",Result: XXXX,"","",false
2748288,041,MATHEMATICS,"","",false
2748288,"",Result: XXXX,"","",false
2748289,041,MATHEMATICS,"","",false
2748289,"",Result: XXXX,"","",false
2748290,041,MATHEMATICS,087,A2,false
2748290,042,PHYSICS,083,A2,false
2748290,043,CHEMISTRY,078,B1,false
2748290,"",Result: XXXX,"","",false
2748291,041,MATHEMATICS,022F,E,false
2748291,042,PHYSICS,057,C2,false
2748291,043,CHEMISTRY,063,C2,false
2748291,048,PHYSICAL EDUCATION,066,C2,false
2748291,301,ENGLISH CORE,084,A2,false
2748291,"",Result: XXXX,"","",false
2748292,041,MATHEMATICS,014F,E,false
2748292,043,CHEMISTRY,041FT,E,false
2748292,"",Result: XXXX,"","",false
2748293,041,MATHEMATICS,020F,E,false
2748293,042,PHYSICS,038FT,E,false
2748293,043,CHEMISTRY,056,D1,false
2748293,048,PHYSICAL EDUCATION,068,C1,false
2748293,301,ENGLISH CORE,ABA,"",false
2748293,"",Result: XXXX,"","",false
2748294,041,MATHEMATICS,"","",false
2748294,042,PHYSICS,"","",false
2748294,043,CHEMISTRY,"","",false
2748294,048,PHYSICAL EDUCATION,"","",false
2748294,301,ENGLISH CORE,"","",false
2748294,"",Result: XXXX,"","",false
2748295,041,MATHEMATICS,083,A2,false
2748295,042,PHYSICS,058,C2,false
2748295,"",Result: XXXX,"","",false
2748296,301,ENGLISH CORE,"","",false
2748296,042,PHYSICS,"","",false
2748296,041,MATHEMATICS,"","",false
2748296,043,CHEMISTRY,"","",false
2748296,"",Result: XXXX,"","",false
2748297,042,PHYSICS,"","",false
2748297,041,MATHEMATICS,"","",false
2748297,"",Result: XXXX,"","",false
2748298,302,HINDI CORE,"","",false
2748298,042,PHYSICS,"","",false
2748298,041,MATHEMATICS,"","",false
2748298,"",Result: XXXX,"","",false
2748299,041,MATHEMATICS,"","",false
2748299,043,CHEMISTRY,"","",false
2748299,048,PHYSICAL EDUCATION,"","",false
2748299,"",Result: XXXX,"","",false
2748300,041,MATHEMATICS,"","",false
2748300,043,CHEMISTRY,"","",false
2748300,042,PHYSICS,"","",false
2748300,302,HINDI CORE,"","",false
2748300,"",Result: XXXX,"","",false
2748301,041,MATHEMATICS,021F,E,false
2748301,048,PHYSICAL EDUCATION,053,D2,false
2748301,"",Result: XXXX,"","",false
2748302,041,MATHEMATICS,066,B1,false
2748302,048,PHYSICAL EDUCATION,053,D2,false
2748302,"",Result: XXXX,"","",false
2748303,301,ENGLISH CORE,072,B2,false
2748303,048,PHYSICAL EDUCATION,074,B2,false
2748303,042,PHYSICS,060,C1,false
2748303,043,CHEMISTRY,081,B1,false
2748303,041,MATHEMATICS,067,B1,false
2748303,"",Result: XXXX,"","",false
2748304,301,ENGLISH CORE,072,B2,false
2748304,042,PHYSICS,082,A2,false
2748304,043,CHEMISTRY,085,A2,false
2748304,048,PHYSICAL EDUCATION,086,A2,false
2748304,041,MATHEMATICS,062,B2,false
2748304,"",Result: XXXX,"","",false
2748305,041,MATHEMATICS,"","",false
2748305,042,PHYSICS,"","",false
2748305,043,CHEMISTRY,"","",false
2748305,"",Result: XXXX,"","",false
2748306,041,MATHEMATICS,054,C1,false
2748306,042,PHYSICS,072,B1,false
2748306,048,PHYSICAL EDUCATION,097,A1,false
2748306,"",Result: XXXX,"","",false
2748307,041,MATHEMATICS,043,D1,false
2748307,042,PHYSICS,068,B2,false
2748307,043,CHEMISTRY,063,C2,false
2748307,065,INFORMATICS PRAC.,069,C2,false
2748307,"",Result: XXXX,"","",false
2748308,041,MATHEMATICS,"","",false
2748308,043,CHEMISTRY,"","",false
2748308,"",Result: XXXX,"","",false
2748309,041,MATHEMATICS,"","",false
2748309,"",Result: XXXX,"","",false
2748310,301,ENGLISH CORE,057,C2,false
2748310,302,HINDI CORE,057,C2,false
2748310,"",Result: XXXX,"","",false
2748311,041,MATHEMATICS,033,D2,false
2748311,"",Result: XXXX,"","",false
2748312,041,MATHEMATICS,"","",false
2748312,042,PHYSICS,"","",false
2748312,043,CHEMISTRY,"","",false
2748312,083,COMPUTER SCIENCE,"","",false
2748312,301,ENGLISH CORE,"","",false
2748312,"",Result: XXXX,"","",false
2748313,041,MATHEMATICS,"","",false
2748313,"",Result: XXXX,"","",false
2748314,041,MATHEMATICS,"","",false
2748314,"",Result: XXXX,"","",false
2748315,041,MATHEMATICS,"","",false
2748315,"",Result: XXXX,"","",false
2748316,041,MATHEMATICS,043,D1,false
2748316,"",Result: XXXX,"","",false
2748317,301,ENGLISH CORE,"","",false
2748317,042,PHYSICS,"","",false
2748317,048,PHYSICAL EDUCATION,"","",false
2748317,"",Result: XXXX,"","",false
2748318,041,MATHEMATICS,060,B2,false
2748318,042,PHYSICS,086,A1,false
2748318,043,CHEMISTRY,090,A2,false
2748318,"",Result: XXXX,"","",false
2748319,301,ENGLISH CORE,044,D1,false
2748319,"",Result: XXXX,"","",false
2748320,041,MATHEMATICS,021F,E,false
2748320,043,CHEMISTRY,055,D1,false
2748320,"",Result: XXXX,"","",false
2748321,301,ENGLISH CORE,072,B2,false
2748321,302,HINDI CORE,080,B1,false
2748321,041,MATHEMATICS,062,B2,false
2748321,043,CHEMISTRY,065,C1,false
2748321,042,PHYSICS,075,B1,false
2748321,"",Result: XXXX,"","",false
2748322,041,MATHEMATICS,047,C2,false
2748322,"",Result: XXXX,"","",false
2748323,041,MATHEMATICS,034,D2,false
2748323,048,PHYSICAL EDUCATION,080,B1,false
2748323,"",Result: XXXX,"","",false
2748324,041,MATHEMATICS,021F,E,false
2748324,"",Result: XXXX,"","",false
2748325,301,ENGLISH CORE,067,C1,false
2748325,041,MATHEMATICS,018F,E,false
2748325,042,PHYSICS,058,C2,false
2748325,043,CHEMISTRY,046FT,E,false
2748325,048,PHYSICAL EDUCATION,085,A2,false
2748325,"",Result: XXXX,"","",false
2748326,301,ENGLISH CORE,073,B2,false
2748326,041,MATHEMATICS,065,B2,false
2748326,042,PHYSICS,062,C1,false
2748326,043,CHEMISTRY,074,B2,false
2748326,048,PHYSICAL EDUCATION,088,A1,false
2748326,"",Result: XXXX,"","",false
2748327,042,PHYSICS,"","",false
2748327,043,CHEMISTRY,"","",false
2748327,"",Result: XXXX,"","",false
2748328,301,ENGLISH CORE,077,B1,false
2748328,"",Result: XXXX,"","",false
2748329,041,MATHEMATICS,043,D1,false
2748329,"",Result: XXXX,"","",false
2748330,041,MATHEMATICS,033,D2,false
2748330,"",Result: PASS,"","",false
2748331,041,MATHEMATICS,005F,E,false
2748331,"",Result: COMP,"","",false
2748332,030,ECONOMICS,011F,E,false
2748332,"",Result: COMP,"","",false
2748333,030,ECONOMICS,018F,E,false
2748333,"",Result: COMP,"","",false
2748334,041,MATHEMATICS,019F,E,false
2748334,"",Result: COMP,"","",false
2748335,043,CHEMISTRY,075,B2,false
2748335,"",Result: PASS,"","",false
2748336,030,ECONOMICS,041,C2,false
2748336,"",Result: PASS,"","",false
2748337,041,MATHEMATICS,016F,E,false
2748337,"",Result: XXXX,"","",false
2748338,041,MATHEMATICS,047,C2,false
2748338,"",Result: XXXX,"","",false
2748339,043,CHEMISTRY,051,D2,false
2748339,"",Result: PASS,"","",false
2748340,043,CHEMISTRY,035FT,E,false
2748340,"",Result: COMP,"","",false
2748341,042,PHYSICS,034FT,E,false
2748341,"",Result: COMP,"","",false
2748342,042,PHYSICS,067,B2,false
2748342,"",Result: PASS,"","",false
2748343,041,MATHEMATICS,008F,E,false
2748343,"",Result: COMP,"","",false
2748344,041,MATHEMATICS,009F,E,false
2748344,301,ENGLISH CORE,058,C2,false
2748344,042,PHYSICS,058,C2,false
2748344,043,CHEMISTRY,056,D1,false
2748344,065,INFORMATICS PRAC.,051,D2,false
2748344,"",Result: COMP,"","",false
2748345,301,ENGLISH CORE,086,A2,false
2748345,302,HINDI CORE,085,A2,false
2748345,042,PHYSICS,036FT,E,false
2748345,043,CHEMISTRY,049,D2,false
2748345,044,BIOLOGY,058,D1,false
2748345,"",Result: COMP,"","",false
2748346,043,CHEMISTRY,052,D2,false
2748346,"",Result: PASS,"","",false
2748347,042,PHYSICS,033FT,E,false
2748347,"",Result: COMP,"","",false
2748348,030,ECONOMICS,019F,E,false
2748348,"",Result: COMP,"","",false
2748349,041,MATHEMATICS,018F,E,false
2748349,"",Result: COMP,"","",false
2748350,041,MATHEMATICS,013F,E,false
2748350,"",Result: COMP,"","",false
2748351,041,MATHEMATICS,035,D2,false
2748351,"",Result: PASS,"","",false
2748352,041,MATHEMATICS,045,C2,false
2748352,"",Result: XXXX,"","",false
2748353,041,MATHEMATICS,039,D1,false
2748353,042,PHYSICS,054,D1,false
2748353,"",Result: XXXX,"","",false
2748354,043,CHEMISTRY,068,C1,false
2748354,"",Result: PASS,"","",false
2748355,043,CHEMISTRY,060,C2,false
2748355,"",Result: PASS,"","",false
2748356,042,PHYSICS,056,C2,false
2748356,"",Result: PASS,"","",false
2748357,043,CHEMISTRY,050,D2,false
2748357,"",Result: PASS,"","",false
2748358,043,CHEMISTRY,061,C2,false
2748358,"",Result: PASS,"","",false
2748359,044,BIOLOGY,031FT,E,false
2748359,"",Result: COMP,"","",false
2748360,041,MATHEMATICS,033,D2,false
2748360,"",Result: PASS,"","",false
2748361,041,MATHEMATICS,036,D1,false
2748361,"",Result: PASS,"","",false
2748362,030,ECONOMICS,056,B2,false
2748362,"",Result: PASS,"","",false
2748363,301,ENGLISH CORE,050,D1,false
2748363,041,MATHEMATICS,059,B2,false
2748363,042,PHYSICS,052,D1,false
2748363,043,CHEMISTRY,068,C1,false
2748363,048,PHYSICAL EDUCATION,066,C2,false
2748363,"",Result: PASS,"","",false
2748364,301,ENGLISH CORE,067,C1,false
2748364,041,MATHEMATICS,043,D1,false
2748364,042,PHYSICS,054,D1,false
2748364,043,CHEMISTRY,057,D1,false
2748364,048,PHYSICAL EDUCATION,068,C1,false
2748364,"",Result: PASS,"","",false
2748365,041,MATHEMATICS,045,C2,false
2748365,"",Result: PASS,"","",false
2748366,030,ECONOMICS,020F,E,false
2748366,"",Result: COMP,"","",false
2748367,065,INFORMATICS PRAC.,063,D1,false
2748367,"",Result: PASS,"","",false
2748368,301,ENGLISH CORE,018F,E,false
2748368,"",Result: XXXX,"","",false
2748369,043,CHEMISTRY,045FT,E,false
2748369,"",Result: XXXX,"","",false
2748370,301,ENGLISH CORE,"","",false
2748370,044,BIOLOGY,"","",false
2748370,042,PHYSICS,"","",false
2748370,043,CHEMISTRY,"","",false
2748370,065,INFORMATICS PRAC.,"","",false
2748370,"",Result: ABST,"","",false
2748371,041,MATHEMATICS,"","",false
2748371,"",Result: XXXX,"","",false
2748372,041,MATHEMATICS,044,C2,false
2748372,"",Result: PASS,"","",false
2748373,301,ENGLISH CORE,033,D2,false
2748373,302,HINDI CORE,051,D1,false
2748373,028,POLITICAL SCIENCE,033,D2,false
2748373,027,HISTORY,042,C2,false
2748373,048,PHYSICAL EDUCATION,066,C2,false
2748373,"",Result: PASS,"","",false
2748374,301,ENGLISH CORE,059,C2,false
2748374,041,MATHEMATICS,016F,E,false
2748374,042,PHYSICS,034FT,E,false
2748374,043,CHEMISTRY,033FT,E,false
2748374,048,PHYSICAL EDUCATION,057,D1,false
2748374,"",Result: FAIL,"","",false
2748375,041,MATHEMATICS,043,D1,false
2748375,"",Result: PASS,"","",false
2748376,043,CHEMISTRY,066,C1,false
2748376,"",Result: PASS,"","",false
2748377,041,MATHEMATICS,043,D1,false
2748377,042,PHYSICS,057,C2,false
2748377,043,CHEMISTRY,042FT,E,false
2748377,"",Result: XXXX,"","",false
2748378,041,MATHEMATICS,048,C2,false
2748378,"",Result: PASS,"","",false
2748379,055,ACCOUNTANCY,025FT,E,false
2748379,"",Result: COMP,"","",false
2748380,301,ENGLISH CORE,058,C2,false
2748380,104,PUNJABI,036,D2,false
2748380,027,HISTORY,047,C1,false
2748380,028,POLITICAL SCIENCE,033,D2,false
2748380,154,BUSINESS STUDIES,040,D2,false
2748380,"",Result: PASS,"","",false
2748381,030,ECONOMICS,041,C2,false
2748381,"",Result: PASS,"","",false
2748382,301,ENGLISH CORE,077,B1,false
2748382,041,MATHEMATICS,008F,E,false
2748382,042,PHYSICS,038FT,E,false
2748382,043,CHEMISTRY,053,D2,false
2748382,048,PHYSICAL EDUCATION,087,A2,false
2748382,"",Result: XXXX,"","",false
2748383,301,ENGLISH CORE,053,C2,false
2748383,154,BUSINESS STUDIES,003F,E,false
2748383,055,ACCOUNTANCY,019FT,E,false
2748383,030,ECONOMICS,033,D2,false
2748383,048,PHYSICAL EDUCATION,068,C1,false
2748383,"",Result: FAIL,"","",false
2748384,301,ENGLISH CORE,057,C2,false
2748384,042,PHYSICS,057,C2,false
2748384,043,CHEMISTRY,053,D2,false
2748384,041,MATHEMATICS,005F,E,false
2748384,048,PHYSICAL EDUCATION,035FT,E,false
2748384,"",Result: FAIL,"","",false
2748385,041,MATHEMATICS,049,C1,false
2748385,"",Result: PASS,"","",false
2748386,042,PHYSICS,051,D2,false
2748386,"",Result: PASS,"","",false
2748387,041,MATHEMATICS,043,D1,false
2748387,"",Result: PASS,"","",false
2748388,030,ECONOMICS,054,B2,false
2748388,"",Result: PASS,"","",false
2748389,041,MATHEMATICS,033,D2,false
2748389,"",Result: PASS,"","",false
2748390,041,MATHEMATICS,066,B1,false
2748390,042,PHYSICS,067,B2,false
2748390,043,CHEMISTRY,027FT,E,false
2748390,"",Result: XXXX,"","",false
2748391,042,PHYSICS,056,C2,false
2748391,"",Result: XXXX,"","",false
2748392,041,MATHEMATICS,043,D1,false
2748392,"",Result: XXXX,"","",false
2748393,030,ECONOMICS,004F,E,false
2748393,"",Result: COMP,"","",false
2748394,041,MATHEMATICS,050,C1,false
2748394,"",Result: XXXX,"","",false
2748395,041,MATHEMATICS,013F,E,false
2748395,"",Result: COMP,"","",false
2748396,030,ECONOMICS,051,C1,false
2748396,"",Result: PASS,"","",false
2748397,042,PHYSICS,038FT,E,false
2748397,"",Result: COMP,"","",false
2748398,030,ECONOMICS,042,C2,false
2748398,"",Result: PASS,"","",false
2748399,044,BIOLOGY,058,D1,false
2748399,"",Result: PASS,"","",false
2748400,042,PHYSICS,036FT,E,false
2748400,"",Result: COMP,"","",false
2748401,030,ECONOMICS,019F,E,false
2748401,"",Result: COMP,"","",false
2748402,030,ECONOMICS,033,D2,false
2748402,"",Result: PASS,"","",false
2748403,042,PHYSICS,038FT,E,false
2748403,"",Result: COMP,"","",false
2748404,041,MATHEMATICS,043,D1,false
2748404,"",Result: XXXX,"","",false
2748405,301,ENGLISH CORE,"","",false
2748405,042,PHYSICS,"","",false
2748405,043,CHEMISTRY,"","",false
2748405,041,MATHEMATICS,"","",false
2748405,048,PHYSICAL EDUCATION,"","",false
2748405,"",Result: XXXX,"","",false
2748406,042,PHYSICS,040FT,E,false
2748406,"",Result: COMP,"","",false
2748407,042,PHYSICS,063,C1,false
2748407,048,PHYSICAL EDUCATION,080,B1,false
2748407,041,MATHEMATICS,046,C2,false
2748407,"",Result: XXXX,"","",false
2748408,154,BUSINESS STUDIES,019F,E,false
2748408,030,ECONOMICS,046,C1,false
2748408,041,MATHEMATICS,014F,E,false
2748408,"",Result: XXXX,"","",false
2748409,030,ECONOMICS,049,C1,false
2748409,301,ENGLISH CORE,041,D2,false
2748409,302,HINDI CORE,052,D1,false
2748409,048,PHYSICAL EDUCATION,086,A2,false
2748409,064,HOME SCIENCE,085,A1,false
2748409,"",Result: PASS,"","",false
2748410,301,ENGLISH CORE,063,C1,false
2748410,"",Result: PASS,"","",false
2748411,028,POLITICAL SCIENCE,033,D2,false
2748411,"",Result: PASS,"","",false
2748412,301,ENGLISH CORE,069,B2,false
2748412,048,PHYSICAL EDUCATION,069,C1,false
2748412,055,ACCOUNTANCY,054,C2,false
2748412,030,ECONOMICS,011F,E,false
2748412,154,BUSINESS STUDIES,033,D2,false
2748412,"",Result: COMP,"","",false
2748413,301,ENGLISH CORE,071,B2,false
2748413,302,HINDI CORE,071,B2,false
2748413,043,CHEMISTRY,040FT,E,false
2748413,042,PHYSICS,032FT,E,false
2748413,041,MATHEMATICS,010F,E,false
2748413,"",Result: FAIL,"","",false
2748414,301,ENGLISH CORE,050,D1,false
2748414,048,PHYSICAL EDUCATION,061,D1,false
2748414,030,ECONOMICS,002F,E,false
2748414,154,BUSINESS STUDIES,006F,E,false
2748414,055,ACCOUNTANCY,023FT,E,false
2748414,"",Result: FAIL,"","",false
2748415,042,PHYSICS,056,C2,false
2748415,"",Result: PASS,"","",false
2748416,055,ACCOUNTANCY,019FT,E,false
2748416,"",Result: COMP,"","",false
2748417,301,ENGLISH CORE,077,B1,false
2748417,042,PHYSICS,059,C1,false
2748417,043,CHEMISTRY,061,C2,false
2748417,041,MATHEMATICS,054,C1,false
2748417,048,PHYSICAL EDUCATION,080,B1,false
2748417,"",Result: XXXX,"","",false
2748418,042,PHYSICS,065,B2,false
2748418,"",Result: PASS,"","",false
2748419,041,MATHEMATICS,"","",false
2748419,"",Result: ABST,"","",false
2748420,301,ENGLISH CORE,071,B2,false
2748420,042,PHYSICS,088,A1,false
2748420,043,CHEMISTRY,073,B2,false
2748420,041,MATHEMATICS,056,C1,false
2748420,048,PHYSICAL EDUCATION,080,B1,false
2748420,"",Result: XXXX,"","",false
2748421,041,MATHEMATICS,014F,E,false
2748421,301,ENGLISH CORE,022F,E,false
2748421,048,PHYSICAL EDUCATION,064,C2,false
2748421,"",Result: XXXX,"","",false
2748422,302,HINDI CORE,076,B1,false
2748422,301,ENGLISH CORE,043,D1,false
2748422,154,BUSINESS STUDIES,080,B1,false
2748422,055,ACCOUNTANCY,043,D2,false
2748422,030,ECONOMICS,044,C2,false
2748422,"",Result: PASS,"","",false
2748423,055,ACCOUNTANCY,029FT,E,false
2748423,"",Result: COMP,"","",false
2748424,041,MATHEMATICS,009F,E,false
2748424,"",Result: COMP,"","",false
2748425,042,PHYSICS,036FT,E,false
2748425,"",Result: COMP,"","",false
2748426,301,ENGLISH CORE,071,B2,false
2748426,048,PHYSICAL EDUCATION,073,B2,false
2748426,"",Result: XXXX,"","",false
2748427,041,MATHEMATICS,056,C1,false
2748427,"",Result: XXXX,"","",false
2748428,301,ENGLISH CORE,070,B2,false
2748428,041,MATHEMATICS,043,D1,false
2748428,042,PHYSICS,041FT,E,false
2748428,043,CHEMISTRY,054,D1,false
2748428,034,MUSIC HIND.VOCAL,068FT,E,false
2748428,"",Result: XXXX,"","",false
2748429,301,ENGLISH CORE,076,B1,false
2748429,042,PHYSICS,033FT,E,false
2748429,043,CHEMISTRY,030FT,E,false
2748429,041,MATHEMATICS,ABA,"",false
2748429,048,PHYSICAL EDUCATION,030FT,E,false
2748429,"",Result: XXXX,"","",false
2748430,041,MATHEMATICS,016F,E,false
2748430,"",Result: COMP,"","",false
2748431,030,ECONOMICS,014F,E,false
2748431,"",Result: COMP,"","",false
2748432,301,ENGLISH CORE,033,D2,false
2748432,"",Result: XXXX,"","",false
2748433,301,ENGLISH CORE,"","",false
2748433,302,HINDI CORE,"","",false
2748433,027,HISTORY,"","",false
2748433,028,POLITICAL SCIENCE,"","",false
2748433,048,PHYSICAL EDUCATION,"","",false
2748433,052,APP/COMMERCIAL ART,"","",true
2748433,"",Result: ABST,"","",true
2748434,301,ENGLISH CORE,022F,E,false
2748434,"",Result: XXXX,"","",false
2748435,049,PAINTING,067FT,E,false
2748435,"",Result: COMP,"","",false
2748436,154,BUSINESS STUDIES,012F,E,false
2748436,"",Result: COMP,"","",false
2748437,055,ACCOUNTANCY,029FT,E,false
2748437,"",Result: COMP,"","",false
2748438,154,BUSINESS STUDIES,040,D2,false
2748438,"",Result: PASS,"","",false
2748439,030,ECONOMICS,041,C2,false
2748439,"",Result: PASS,"","",false
2748440,041,MATHEMATICS,017F,E,false
2748440,"",Result: COMP,"","",false
2748441,041,MATHEMATICS,003F,E,false
2748441,"",Result: COMP,"","",false
2748442,030,ECONOMICS,047,C1,false
2748442,"",Result: PASS,"","",false
2748443,301,ENGLISH CORE,ABA,"",false
2748443,042,PHYSICS,024FT,E,false
2748443,041,MATHEMATICS,004F,E,false
2748443,043,CHEMISTRY,028FT,E,false
2748443,048,PHYSICAL EDUCATION,029FT,E,false
2748443,"",Result: XXXX,"","",false
2748444,042,PHYSICS,074,B1,false
2748444,"",Result: XXXX,"","",false
2748445,041,MATHEMATICS,008F,E,false
2748445,"",Result: COMP,"","",false
2748446,041,MATHEMATICS,ABA,"",false
2748446,042,PHYSICS,065,B2,false
2748446,"",Result: XXXX,"","",false
2748447,301,ENGLISH CORE,046,D1,false
2748447,041,MATHEMATICS,012F,E,false
2748447,042,PHYSICS,032FT,E,false
2748447,"",Result: XXXX,"","",false
2748448,301,ENGLISH CORE,055,C2,false
2748448,041,MATHEMATICS,042,D1,false
2748448,042,PHYSICS,033FT,E,false
2748448,043,CHEMISTRY,052,D2,false
2748448,048,PHYSICAL EDUCATION,060,D1,false
2748448,"",Result: COMP,"","",false
2748449,301,ENGLISH CORE,017F,E,false
2748449,"",Result: XXXX,"","",false
2748450,041,MATHEMATICS,043,D1,false
2748450,"",Result: PASS,"","",false
2748451,055,ACCOUNTANCY,044,D2,false
2748451,"",Result: PASS,"","",false
2748452,041,MATHEMATICS,043,D1,false
2748452,"",Result: PASS,"","",false
2748453,301,ENGLISH CORE,071,B2,false
2748453,041,MATHEMATICS,075,B1,false
2748453,042,PHYSICS,056,C2,false
2748453,043,CHEMISTRY,067,C1,false
2748453,048,PHYSICAL EDUCATION,073,B2,false
2748453,"",Result: XXXX,"","",false
2748454,301,ENGLISH CORE,034,D2,false
2748454,042,PHYSICS,041FT,E,false
2748454,043,CHEMISTRY,024FT,E,false
2748454,041,MATHEMATICS,048,C2,false
2748454,"",Result: XXXX,"","",false
2748455,055,ACCOUNTANCY,053,C2,false
2748455,"",Result: PASS,"","",false
2748456,041,MATHEMATICS,009F,E,false
2748456,301,ENGLISH CORE,083,A2,false
2748456,042,PHYSICS,026FT,E,false
2748456,065,INFORMATICS PRAC.,028FT,E,false
2748456,043,CHEMISTRY,027FT,E,false
2748456,"",Result: XXXX,"","",false
2748457,042,PHYSICS,039FT,E,false
2748457,"",Result: XXXX,"","",false
2748458,041,MATHEMATICS,010F,E,false
2748458,"",Result: COMP,"","",false
2748459,301,ENGLISH CORE,093,A1,false
2748459,041,MATHEMATICS,074,B1,false
2748459,042,PHYSICS,075,B1,false
2748459,043,CHEMISTRY,070,C1,false
2748459,034,MUSIC HIND.VOCAL,080,D1,false
2748459,"",Result: XXXX,"","",false
2748460,301,ENGLISH CORE,068,C1,false
2748460,043,CHEMISTRY,056,D1,false
2748460,042,PHYSICS,045FT,E,false
2748460,041,MATHEMATICS,022F,E,false
2748460,048,PHYSICAL EDUCATION,057,D1,false
2748460,"",Result: XXXX,"","",false
2748461,301,ENGLISH CORE,068,C1,false
2748461,041,MATHEMATICS,052,C1,false
2748461,"",Result: XXXX,"","",false
2748462,301,ENGLISH CORE,058,C2,false
2748462,042,PHYSICS,029FT,E,false
2748462,043,CHEMISTRY,024FT,E,false
2748462,041,MATHEMATICS,006F,E,false
2748462,067,MULTIMEDIA & WEB T,057,D1,false
2748462,035,MUSIC HIND.INS.MEL,070 FT,E,true
2748462,"",Result: FAIL,"","",true
2748463,301,ENGLISH CORE,067,C1,false
2748463,044,BIOLOGY,043FT,E,false
2748463,042,PHYSICS,029FT,E,false
2748463,043,CHEMISTRY,033FT,E,false
2748463,048,PHYSICAL EDUCATION,057,D1,false
2748463,"",Result: FAIL,"","",false
2748464,041,MATHEMATICS,"","",false
2748464,"",Result: XXXX,"","",false
2748465,042,PHYSICS,050,D2,false
2748465,"",Result: PASS,"","",false
2748466,041,MATHEMATICS,043,D1,false
2748466,"",Result: XXXX,"","",false
2748467,055,ACCOUNTANCY,030FT,E,false
2748467,"",Result: XXXX,"","",false
2748468,041,MATHEMATICS,043,D1,false
2748468,"",Result: PASS,"","",false
2748469,301,ENGLISH CORE,040,D2,false
2748469,"",Result: PASS,"","",false
2748470,154,BUSINESS STUDIES,013F,E,false
2748470,"",Result: COMP,"","",false
2748471,041,MATHEMATICS,049,C1,false
2748471,"",Result: PASS,"","",false
2748472,041,MATHEMATICS,050,C1,false
2748472,"",Result: XXXX,"","",false
2748473,041,MATHEMATICS,038,D1,false
2748473,"",Result: PASS,"","",false
2748474,043,CHEMISTRY,057,D1,false
2748474,"",Result: PASS,"","",false
2748475,041,MATHEMATICS,043,D1,false
2748475,"",Result: PASS,"","",false
2748476,042,PHYSICS,"","",false
2748476,"",Result: XXXX,"","",false
2748477,055,ACCOUNTANCY,044,D2,false
2748477,"",Result: PASS,"","",false
2748478,042,PHYSICS,033FT,E,false
2748478,"",Result: XXXX,"","",false
2748479,042,PHYSICS,"","",false
2748479,"",Result: ABST,"","",false
2748480,041,MATHEMATICS,043,D1,false
2748480,"",Result: XXXX,"","",false
2748481,041,MATHEMATICS,047,C2,false
2748481,"",Result: XXXX,"","",false
2748482,041,MATHEMATICS,016F,E,false
2748482,"",Result: COMP,"","",false
2748483,042,PHYSICS,051,D2,false
2748483,"",Result: PASS,"","",false
2748484,041,MATHEMATICS,049,C1,false
2748484,301,ENGLISH CORE,061,C1,false
2748484,"",Result: XXXX,"","",false
2748485,041,MATHEMATICS,069,B1,false
2748485,"",Result: XXXX,"","",false
2748486,041,MATHEMATICS,012F,E,false
2748486,048,PHYSICAL EDUCATION,062,C2,false
2748486,301,ENGLISH CORE,044,D1,false
2748486,"",Result: XXXX,"","",false
2748487,041,MATHEMATICS,043,D1,false
2748487,042,PHYSICS,044FT,E,false
2748487,"",Result: XXXX,"","",false
2748488,301,ENGLISH CORE,067,C1,false
2748488,048,PHYSICAL EDUCATION,053,D2,false
2748488,"",Result: XXXX,"","",false
2748489,041,MATHEMATICS,019F,E,false
2748489,042,PHYSICS,032FT,E,false
2748489,"",Result: XXXX,"","",false
2748490,041,MATHEMATICS,055,C1,false
2748490,042,PHYSICS,043,D2,false
2748490,043,CHEMISTRY,035FT,E,false
2748490,"",Result: XXXX,"","",false
2748491,042,PHYSICS,038FT,E,false
2748491,"",Result: XXXX,"","",false
2748492,041,MATHEMATICS,010F,E,false
2748492,"",Result: XXXX,"","",false
2748493,041,MATHEMATICS,036,D1,false
2748493,"",Result: XXXX,"","",false
2748494,041,MATHEMATICS,021F,E,false
2748494,"",Result: XXXX,"","",false
2748495,042,PHYSICS,037FT,E,false
2748495,"",Result: COMP,"","",false
2748496,041,MATHEMATICS,017F,E,false
2748496,"",Result: COMP,"","",false
2748497,055,ACCOUNTANCY,045,D1,false
2748497,"",Result: PASS,"","",false
2748498,041,MATHEMATICS,012F,E,false
2748498,301,ENGLISH CORE,049,D1,false
2748498,"",Result: XXXX,"","",false
2748499,055,ACCOUNTANCY,044,D2,false
2748499,154,BUSINESS STUDIES,041,D2,false
2748499,002,HINDI ELECTIVE,055,C1,false
2748499,301,ENGLISH CORE,041,D2,false
2748499,030,ECONOMICS,041,C2,false
2748499,"",Result: PASS,"","",false
2748500,041,MATHEMATICS,044,C2,false
2748500,"",Result: PASS,"","",false
2748501,055,ACCOUNTANCY,"","",false
2748501,"",Result: ABST,"","",false
2748502,030,ECONOMICS,033,D2,false
2748502,"",Result: PASS,"","",false
2748503,042,PHYSICS,043FT,E,false
2748503,"",Result: COMP,"","",false
2748504,055,ACCOUNTANCY,045,D1,false
2748504,"",Result: PASS,"","",false
2748505,301,ENGLISH CORE,077,B1,false
2748505,048,PHYSICAL EDUCATION,097,A1,false
2748505,043,CHEMISTRY,059,C2,false
2748505,042,PHYSICS,058,C2,false
2748505,041,MATHEMATICS,038,D1,false
2748505,044,BIOLOGY,029 FT,E,true
2748505,"",Result: XXXX,"","",true
2748506,041,MATHEMATICS,043,D1,false
2748506,"",Result: XXXX,"","",false
2748507,301,ENGLISH CORE,057,C2,false
2748507,042,PHYSICS,038FT,E,false
2748507,043,CHEMISTRY,043FT,E,false
2748507,041,MATHEMATICS,012F,E,false
2748507,048,PHYSICAL EDUCATION,061,D1,false
2748507,"",Result: FAIL,"","",false
2748508,030,ECONOMICS,015F,E,false
2748508,"",Result: COMP,"","",false
2748509,042,PHYSICS,051,D2,false
2748509,"",Result: PASS,"","",false
2748510,030,ECONOMICS,018F,E,false
2748510,"",Result: COMP,"","",false
2748511,041,MATHEMATICS,"","",false
2748511,"",Result: XXXX,"","",false
2748512,041,MATHEMATICS,085,A2,false
2748512,"",Result: XXXX,"","",false
2748513,041,MATHEMATICS,ABA,"",false
2748513,048,PHYSICAL EDUCATION,063,C2,false
2748513,301,ENGLISH CORE,079,B1,false
2748513,042,PHYSICS,036FT,E,false
2748513,043,CHEMISTRY,028FT,E,false
2748513,"",Result: XXXX,"","",false
2748514,048,PHYSICAL EDUCATION,074,B2,false
2748514,030,ECONOMICS,051,C1,false
2748514,154,BUSINESS STUDIES,051,C2,false
2748514,"",Result: XXXX,"","",false
2748515,030,ECONOMICS,075,A2,false
2748515,055,ACCOUNTANCY,074,B1,false
2748515,154,BUSINESS STUDIES,074,B2,false
2748515,"",Result: XXXX,"","",false
2748516,042,PHYSICS,044FT,E,false
2748516,"",Result: COMP,"","",false
2748517,042,PHYSICS,036FT,E,false
2748517,"",Result: COMP,"","",false
2748518,030,ECONOMICS,004F,E,false
2748518,"",Result: COMP,"","",false
2748519,043,CHEMISTRY,051,D2,false
2748519,"",Result: PASS,"","",false
2748520,030,ECONOMICS,018F,E,false
2748520,"",Result: COMP,"","",false
2748521,044,BIOLOGY,055,D2,false
2748521,"",Result: PASS,"","",false
2748522,041,MATHEMATICS,008F,E,false
2748522,"",Result: COMP,"","",false
2748523,030,ECONOMICS,007F,E,false
2748523,"",Result: COMP,"","",false
2748524,030,ECONOMICS,017F,E,false
2748524,"",Result: COMP,"","",false
2748525,030,ECONOMICS,013F,E,false
2748525,"",Result: COMP,"","",false
2748526,043,CHEMISTRY,058,D1,false
2748526,"",Result: PASS,"","",false
2748527,041,MATHEMATICS,047,C2,false
2748527,"",Result: PASS,"","",false
2748528,042,PHYSICS,033FT,E,false
2748528,043,CHEMISTRY,044FT,E,false
2748528,041,MATHEMATICS,007F,E,false
2748528,301,ENGLISH CORE,043,D1,false
2748528,048,PHYSICAL EDUCATION,063,C2,false
2748528,"",Result: FAIL,"","",false
2748529,042,PHYSICS,033FT,E,false
2748529,"",Result: COMP,"","",false
2748530,041,MATHEMATICS,007F,E,false
2748530,"",Result: COMP,"","",false
2748531,055,ACCOUNTANCY,020FT,E,false
2748531,"",Result: COMP,"","",false
2748532,043,CHEMISTRY,044,D2,false
2748532,"",Result: PASS,"","",false
2748533,041,MATHEMATICS,019F,E,false
2748533,"",Result: COMP,"","",false
2748534,041,MATHEMATICS,017F,E,false
2748534,"",Result: XXXX,"","",false
2748535,041,MATHEMATICS,012F,E,false
2748535,"",Result: XXXX,"","",false
2748536,301,ENGLISH CORE,074,B2,false
2748536,042,PHYSICS,049,D2,false
2748536,043,CHEMISTRY,051,D2,false
2748536,041,MATHEMATICS,046,C2,false
2748536,048,PHYSICAL EDUCATION,080,B1,false
2748536,"",Result: PASS,"","",false
2748537,030,ECONOMICS,033,D2,false
2748537,"",Result: PASS,"","",false
2748538,044,BIOLOGY,062,C2,false
2748538,"",Result: PASS,"","",false
2748539,041,MATHEMATICS,063,B2,false
2748539,042,PHYSICS,067,B2,false
2748539,043,CHEMISTRY,081,B1,false
2748539,048,PHYSICAL EDUCATION,087,A2,false
2748539,301,ENGLISH CORE,083,A2,false
2748539,"",Result: XXXX,"","",false
2748540,041,MATHEMATICS,043,D1,false
2748540,301,ENGLISH CORE,052,C2,false
2748540,"",Result: XXXX,"","",false
2748541,301,ENGLISH CORE,067,C1,false
2748541,302,HINDI CORE,034,D2,false
2748541,030,ECONOMICS,008F,E,false
2748541,027,HISTORY,067,A2,false
2748541,028,POLITICAL SCIENCE,046,C1,false
2748541,"",Result: COMP,"","",false
2748542,055,ACCOUNTANCY,047,D1,false
2748542,"",Result: XXXX,"","",false
2748543,042,PHYSICS,054,D1,false
2748543,"",Result: PASS,"","",false
2748544,041,MATHEMATICS,002F,E,false
2748544,042,PHYSICS,032FT,E,false
2748544,043,CHEMISTRY,033FT,E,false
2748544,048,PHYSICAL EDUCATION,058,D1,false
2748544,301,ENGLISH CORE,041,D2,false
2748544,"",Result: FAIL,"","",false
2748545,042,PHYSICS,029FT,E,false
2748545,"",Result: COMP,"","",false
2748546,041,MATHEMATICS,008F,E,false
2748546,"",Result: COMP,"","",false
2748547,041,MATHEMATICS,043,D1,false
2748547,"",Result: PASS,"","",false
2748548,042,PHYSICS,066,B2,false
2748548,"",Result: PASS,"","",false
2748549,030,ECONOMICS,003F,E,false
2748549,"",Result: COMP,"","",false
2748550,042,PHYSICS,036FT,E,false
2748550,"",Result: COMP,"","",false
2748551,041,MATHEMATICS,012F,E,false
2748551,"",Result: XXXX,"","",false
2748552,041,MATHEMATICS,070,B1,false
2748552,"",Result: XXXX,"","",false
2748553,048,PHYSICAL EDUCATION,074,B2,false
2748553,"",Result: XXXX,"","",false
2748554,030,ECONOMICS,014F,E,false
2748554,"",Result: COMP,"","",false
2748555,041,MATHEMATICS,001F,E,false
2748555,"",Result: XXXX,"","",false
2748556,301,ENGLISH CORE,047,D1,false
2748556,042,PHYSICS,037FT,E,false
2748556,043,CHEMISTRY,053,D2,false
2748556,041,MATHEMATICS,014F,E,false
2748556,048,PHYSICAL EDUCATION,062,C2,false
2748556,"",Result: XXXX,"","",false
2748557,301,ENGLISH CORE,050,D1,false
2748557,043,CHEMISTRY,028FT,E,false
2748557,048,PHYSICAL EDUCATION,064,C2,false
2748557,"",Result: XXXX,"","",false
2748558,041,MATHEMATICS,016F,E,false
2748558,042,PHYSICS,039FT,E,false
2748558,"",Result: XXXX,"","",false
2748559,301,ENGLISH CORE,057,C2,false
2748559,041,MATHEMATICS,021F,E,false
2748559,042,PHYSICS,031FT,E,false
2748559,043,CHEMISTRY,059,C2,false
2748559,"",Result: XXXX,"","",false
2748560,042,PHYSICS,039FT,E,false
2748560,"",Result: COMP,"","",false
2748561,041,MATHEMATICS,043,D1,false
2748561,"",Result: PASS,"","",false
2748562,041,MATHEMATICS,054,C1,false
2748562,301,ENGLISH CORE,074,B2,false
2748562,"",Result: XXXX,"","",false
2748563,041,MATHEMATICS,058,B2,false
2748563,"",Result: XXXX,"","",false
2748564,041,MATHEMATICS,014F,E,false
2748564,"",Result: XXXX,"","",false
2748565,042,PHYSICS,042FT,E,false
2748565,"",Result: COMP,"","",false
2748566,301,ENGLISH CORE,083,A2,false
2748566,042,PHYSICS,039FT,E,false
2748566,043,CHEMISTRY,052,D2,false
2748566,041,MATHEMATICS,050,C1,false
2748566,048,PHYSICAL EDUCATION,028FT,E,false
2748566,"",Result: XXXX,"","",false
2748567,041,MATHEMATICS,007F,E,false
2748567,"",Result: COMP,"","",false
2748568,154,BUSINESS STUDIES,043,D2,false
2748568,"",Result: PASS,"","",false
2748569,041,MATHEMATICS,021F,E,false
2748569,042,PHYSICS,039FT,E,false
2748569,043,CHEMISTRY,059,C2,false
2748569,083,COMPUTER SCIENCE,048,D2,false
2748569,301,ENGLISH CORE,064,C1,false
2748569,"",Result: XXXX,"","",false
2748570,043,CHEMISTRY,058,D1,false
2748570,"",Result: PASS,"","",false
2748571,041,MATHEMATICS,"","",false
2748571,"",Result: ABST,"","",false
2748572,041,MATHEMATICS,033,D2,false
2748572,043,CHEMISTRY,058,D1,false
2748572,"",Result: XXXX,"","",false
2748573,055,ACCOUNTANCY,055,C2,false
2748573,"",Result: PASS,"","",false
2748574,030,ECONOMICS,016F,E,false
2748574,"",Result: COMP,"","",false
2748575,042,PHYSICS,055,D1,false
2748575,"",Result: PASS,"","",false
2748576,042,PHYSICS,058,C2,false
2748576,043,CHEMISTRY,053,D2,false
2748576,041,MATHEMATICS,ABA,"",false
2748576,301,ENGLISH CORE,079,B1,false
2748576,065,INFORMATICS PRAC.,029FT,E,false
2748576,"",Result: XXXX,"","",false
2748577,030,ECONOMICS,044,C2,false
2748577,"",Result: PASS,"","",false
2748578,042,PHYSICS,042FT,E,false
2748578,"",Result: COMP,"","",false
2748579,055,ACCOUNTANCY,057,C1,false
2748579,"",Result: PASS,"","",false
2748580,041,MATHEMATICS,039,D1,false
2748580,"",Result: XXXX,"","",false
2748581,043,CHEMISTRY,053,D2,false
2748581,"",Result: XXXX,"","",false
2748582,301,ENGLISH CORE,033,D2,false
2748582,048,PHYSICAL EDUCATION,050,D2,false
2748582,027,HISTORY,040,D1,false
2748582,154,BUSINESS STUDIES,040,D2,false
2748582,302,HINDI CORE,034,D2,false
2748582,"",Result: PASS,"","",false
2748583,301,ENGLISH CORE,068,C1,false
2748583,030,ECONOMICS,041,C2,false
2748583,048,PHYSICAL EDUCATION,074,B2,false
2748583,055,ACCOUNTANCY,055,C2,false
2748583,154,BUSINESS STUDIES,040,D2,false
2748583,"",Result: PASS,"","",false
2748584,301,ENGLISH CORE,046,D1,false
2748584,041,MATHEMATICS,012F,E,false
2748584,042,PHYSICS,031FT,E,false
2748584,043,CHEMISTRY,039FT,E,false
2748584,048,PHYSICAL EDUCATION,056,D1,false
2748584,"",Result: FAIL,"","",false
2748585,042,PHYSICS,053,D1,false
2748585,043,CHEMISTRY,072,B2,false
2748585,041,MATHEMATICS,052,C1,false
2748585,048,PHYSICAL EDUCATION,061,D1,false
2748585,301,ENGLISH CORE,065,C1,false
2748585,"",Result: PASS,"","",false
2748586,041,MATHEMATICS,033,D2,false
2748586,"",Result: XXXX,"","",false
2748587,041,MATHEMATICS,015F,E,false
2748587,"",Result: XXXX,"","",false
2748588,042,PHYSICS,039FT,E,false
2748588,"",Result: COMP,"","",false
2748589,042,PHYSICS,040FT,E,false
2748589,"",Result: COMP,"","",false
2748590,041,MATHEMATICS,012F,E,false
2748590,"",Result: COMP,"","",false
2748591,301,ENGLISH CORE,040,D2,false
2748591,"",Result: PASS,"","",false
2748592,039,SOCIOLOGY,062,B2,false
2748592,"",Result: PASS,"","",false
2748593,041,MATHEMATICS,008F,E,false
2748593,"",Result: COMP,"","",false
2748594,041,MATHEMATICS,015F,E,false
2748594,"",Result: COMP,"","",false
2748595,042,PHYSICS,041FT,E,false
2748595,"",Result: COMP,"","",false
2748596,040,PHILOSOPHY,048,C1,false
2748596,"",Result: PASS,"","",false
2748597,041,MATHEMATICS,012F,E,false
2748597,"",Result: COMP,"","",false
2748598,301,ENGLISH CORE,012F,E,false
2748598,"",Result: COMP,"","",false
2748599,301,ENGLISH CORE,021F,E,false
2748599,"",Result: COMP,"","",false
2748600,042,PHYSICS,031FT,E,false
2748600,"",Result: COMP,"","",false
2748601,041,MATHEMATICS,064,B2,false
2748601,"",Result: XXXX,"","",false
2748602,301,ENGLISH CORE,ABA,"",false
2748602,041,MATHEMATICS,018F,E,false
2748602,042,PHYSICS,023FT,E,false
2748602,043,CHEMISTRY,024FT,E,false
2748602,048,PHYSICAL EDUCATION,079,B1,false
2748602,"",Result: XXXX,"","",false
2748603,048,PHYSICAL EDUCATION,"","",false
2748603,154,BUSINESS STUDIES,"","",false
2748603,027,HISTORY,"","",false
2748603,"",Result: XXXX,"","",false
2748604,044,BIOLOGY,085,B1,false
2748604,"",Result: XXXX,"","",false
2748605,041,MATHEMATICS,064,B2,false
2748605,"",Result: XXXX,"","",false
2748606,041,MATHEMATICS,045,C2,false
2748606,"",Result: XXXX,"","",false
2748607,301,ENGLISH CORE,063,C1,false
2748607,041,MATHEMATICS,006F,E,false
2748607,042,PHYSICS,029FT,E,false
2748607,043,CHEMISTRY,042FT,E,false
2748607,048,PHYSICAL EDUCATION,064,C2,false
2748607,500,WORK EXPERIENCE,---,C1,false
2748607,502,PHY & HEALTH EDUCA,---,C1,false
2748607,503,GENERAL STUDIES,---,C1,false
2748607,"",Result: FAIL,"","",false
2748608,301,ENGLISH CORE,095,A1,false
2748608,041,MATHEMATICS,088,A2,false
2748608,042,PHYSICS,075,B1,false
2748608,043,CHEMISTRY,089,A2,false
2748608,065,INFORMATICS PRAC.,081,B2,false
2748608,500,WORK EXPERIENCE,---,A1,false
2748608,502,PHY & HEALTH EDUCA,---,B1,false
2748608,503,GENERAL STUDIES,---,A2,false
2748608,"",Result: PASS,"","",false
2748609,301,ENGLISH CORE,068,C1,false
2748609,041,MATHEMATICS,050,C1,false
2748609,042,PHYSICS,059,C1,false
2748609,043,CHEMISTRY,067,C1,false
2748609,034,MUSIC HIND.VOCAL,078,D1,false
2748609,500,WORK EXPERIENCE,---,A1,false
2748609,502,PHY & HEALTH EDUCA,---,A2,false
2748609,503,GENERAL STUDIES,---,B1,false
2748609,048,PHYSICAL EDUCATION,056,D1,true
2748609,"",Result: PASS,"","",true
2748610,301,ENGLISH CORE,095,A1,false
2748610,034,MUSIC HIND.VOCAL,096,A2,false
2748610,042,PHYSICS,099,A1,false
2748610,043,CHEMISTRY,097,A1,false
2748610,044,BIOLOGY,094,A1,false
2748610,500,WORK EXPERIENCE,---,A1,false
2748610,502,PHY & HEALTH EDUCA,---,A2,false
2748610,503,GENERAL STUDIES,---,B1,false
2748610,048,PHYSICAL EDUCATION,075,B2,true
2748610,"",Result: PASS,"","",true
2748611,301,ENGLISH CORE,018F,E,false
2748611,302,HINDI CORE,061,C2,false
2748611,030,ECONOMICS,016F,E,false
2748611,054,BUSINESS STUDIES,048,D1,false
2748611,055,ACCOUNTANCY,027FT,E,false
2748611,500,WORK EXPERIENCE,---,A1,false
2748611,502,PHY & HEALTH EDUCA,---,B1,false
2748611,503,GENERAL STUDIES,---,A2,false
2748611,048,PHYSICAL EDUCATION,038 FT,E,true
2748611,"",Result: FAIL,"","",true
2748612,301,ENGLISH CORE,"","",false
2748612,302,HINDI CORE,"","",false
2748612,048,PHYSICAL EDUCATION,"","",false
2748612,029,GEOGRAPHY,"","",false
2748612,034,MUSIC HIND.VOCAL,"","",false
2748612,500,WORK EXPERIENCE,---,"",false
2748612,502,PHY & HEALTH EDUCA,---,"",false
2748612,503,GENERAL STUDIES,---,"",false
2748612,"",Result: ABST,"","",false
2748613,301,ENGLISH CORE,049,D1,false
2748613,302,HINDI CORE,034,D2,false
2748613,034,MUSIC HIND.VOCAL,083,C2,false
2748613,048,PHYSICAL EDUCATION,068,C1,false
2748613,030,ECONOMICS,033,D2,false
2748613,500,WORK EXPERIENCE,---,A1,false
2748613,502,PHY & HEALTH EDUCA,---,B1,false
2748613,503,GENERAL STUDIES,---,B2,false
2748613,029,GEOGRAPHY,073,B1,true
2748613,"",Result: PASS,"","",true
2748614,301,ENGLISH CORE,040,D2,false
2748614,048,PHYSICAL EDUCATION,061,D1,false
2748614,041,MATHEMATICS,045,C2,false
2748614,042,PHYSICS,038FT,E,false
2748614,043,CHEMISTRY,053,D2,false
2748614,500,WORK EXPERIENCE,---,A1,false
2748614,502,PHY & HEALTH EDUCA,---,B1,false
2748614,503,GENERAL STUDIES,---,B2,false
2748614,"",Result: COMP,"","",false
2748615,301,ENGLISH CORE,059,C2,false
2748615,042,PHYSICS,053,D1,false
2748615,043,CHEMISTRY,061,C2,false
2748615,041,MATHEMATICS,053,C1,false
2748615,034,MUSIC HIND.VOCAL,089,B2,false
2748615,500,WORK EXPERIENCE,---,A1,false
2748615,502,PHY & HEALTH EDUCA,---,B1,false
2748615,503,GENERAL STUDIES,---,A2,false
2748615,"",Result: PASS,"","",false
2748616,301,ENGLISH CORE,051,D1,false
2748616,042,PHYSICS,030FT,E,false
2748616,043,CHEMISTRY,059,C2,false
2748616,044,BIOLOGY,052,D2,false
2748616,048,PHYSICAL EDUCATION,052,D2,false
2748616,500,WORK EXPERIENCE,---,A2,false
2748616,502,PHY & HEALTH EDUCA,---,A2,false
2748616,503,GENERAL STUDIES,---,A1,false
2748616,"",Result: COMP,"","",false
2748617,301,ENGLISH CORE,033,D2,false
2748617,104,PUNJABI,056,C2,false
2748617,027,HISTORY,041,D1,false
2748617,028,POLITICAL SCIENCE,044,C2,false
2748617,048,PHYSICAL EDUCATION,051,D2,false
2748617,500,WORK EXPERIENCE,---,A1,false
2748617,502,PHY & HEALTH EDUCA,---,A1,false
2748617,503,GENERAL STUDIES,---,A2,false
2748617,"",Result: PASS,"","",false
2748618,301,ENGLISH CORE,084,A2,false
2748618,042,PHYSICS,063,C1,false
2748618,043,CHEMISTRY,081,B1,false
2748618,041,MATHEMATICS,043,D1,false
2748618,048,PHYSICAL EDUCATION,082,A2,false
2748618,500,WORK EXPERIENCE,---,A2,false
2748618,502,PHY & HEALTH EDUCA,---,A1,false
2748618,503,GENERAL STUDIES,---,A1,false
2748618,"",Result: PASS,"","",false
2748619,301,ENGLISH CORE,055,C2,false
2748619,042,PHYSICS,051,D2,false
2748619,043,CHEMISTRY,067,C1,false
2748619,044,BIOLOGY,052,D2,false
2748619,048,PHYSICAL EDUCATION,063,C2,false
2748619,500,WORK EXPERIENCE,---,A1,false
2748619,502,PHY & HEALTH EDUCA,---,A1,false
2748619,503,GENERAL STUDIES,---,A1,false
2748619,"",Result: PASS,"","",false
2748620,301,ENGLISH CORE,060,C2,false
2748620,042,PHYSICS,053,D1,false
2748620,043,CHEMISTRY,041FT,E,false
2748620,041,MATHEMATICS,033,D2,false
2748620,048,PHYSICAL EDUCATION,058,D1,false
2748620,500,WORK EXPERIENCE,---,A1,false
2748620,502,PHY & HEALTH EDUCA,---,A1,false
2748620,503,GENERAL STUDIES,---,A1,false
2748620,"",Result: COMP,"","",false
2748621,301,ENGLISH CORE,054,C2,false
2748621,104,PUNJABI,076,B1,false
2748621,041,MATHEMATICS,036,D1,false
2748621,042,PHYSICS,056,C2,false
2748621,043,CHEMISTRY,060,C2,false
2748621,500,WORK EXPERIENCE,---,A2,false
2748621,502,PHY & HEALTH EDUCA,---,A2,false
2748621,503,GENERAL STUDIES,---,A1,false
2748621,"",Result: PASS,"","",false
2748622,101,FUNCTIONAL ENGLISH,023F,E,false
2748622,042,PHYSICS,031FT,E,false
2748622,043,CHEMISTRY,030FT,E,false
2748622,041,MATHEMATICS,005F,E,false
2748622,048,PHYSICAL EDUCATION,052,D2,false
2748622,500,WORK EXPERIENCE,---,A2,false
2748622,502,PHY & HEALTH EDUCA,---,A1,false
2748622,503,GENERAL STUDIES,---,A1,false
2748622,049,PAINTING,059 FT,E,true
2748622,"",Result: FAIL,"","",true
2748623,301,ENGLISH CORE,040,D2,false
2748623,044,BIOLOGY,049,D2,false
2748623,042,PHYSICS,031FT,E,false
2748623,043,CHEMISTRY,055,D1,false
2748623,048,PHYSICAL EDUCATION,079,B1,false
2748623,500,WORK EXPERIENCE,---,A2,false
2748623,502,PHY & HEALTH EDUCA,---,A1,false
2748623,503,GENERAL STUDIES,---,A1,false
2748623,"",Result: COMP,"","",false
2748624,301,ENGLISH CORE,008F,E,false
2748624,002,HINDI ELECTIVE,051,C2,false
2748624,027,HISTORY,046,C1,false
2748624,028,POLITICAL SCIENCE,044,C2,false
2748624,048,PHYSICAL EDUCATION,062,C2,false
2748624,500,WORK EXPERIENCE,---,A2,false
2748624,502,PHY & HEALTH EDUCA,---,A1,false
2748624,503,GENERAL STUDIES,---,A1,false
2748624,"",Result: COMP,"","",false
2748625,301,ENGLISH CORE,043,D1,false
2748625,041,MATHEMATICS,045,C2,false
2748625,042,PHYSICS,059,C1,false
2748625,043,CHEMISTRY,055,D1,false
2748625,048,PHYSICAL EDUCATION,077,B1,false
2748625,500,WORK EXPERIENCE,---,A1,false
2748625,502,PHY & HEALTH EDUCA,---,A1,false
2748625,503,GENERAL STUDIES,---,A2,false
2748625,"",Result: PASS,"","",false
2748626,043,CHEMISTRY,054,D1,false
2748626,"",Result: PASS,"","",false
2748627,301,ENGLISH CORE,060,C2,false
2748627,041,MATHEMATICS,066,B1,false
2748627,"",Result: XXXX,"","",false
2748628,301,ENGLISH CORE,051,D1,false
2748628,"",Result: PASS,"","",false
2748629,301,ENGLISH CORE,072,B2,false
2748629,"",Result: PASS,"","",false
2748630,301,ENGLISH CORE,ABA,"",false
2748630,042,PHYSICS,030FT,E,false
2748630,043,CHEMISTRY,029FT,E,false
2748630,041,MATHEMATICS,ABA,"",false
2748630,048,PHYSICAL EDUCATION,030FT,E,false
2748630,"",Result: XXXX,"","",false
2748631,042,PHYSICS,067,B2,false
2748631,043,CHEMISTRY,071,B2,false
2748631,041,MATHEMATICS,011F,E,false
2748631,"",Result: XXXX,"","",false
2748632,041,MATHEMATICS,006F,E,false
2748632,"",Result: COMP,"","",false
2748633,030,ECONOMICS,018F,E,false
2748633,"",Result: COMP,"","",false
2748634,030,ECONOMICS,041,C2,false
2748634,"",Result: XXXX,"","",false
2748635,055,ACCOUNTANCY,026FT,E,false
2748635,"",Result: COMP,"","",false
2748636,048,PHYSICAL EDUCATION,067,C1,false
2748636,"",Result: PASS,"","",false
2748637,055,ACCOUNTANCY,047,D1,false
2748637,"",Result: PASS,"","",false
2748638,055,ACCOUNTANCY,031FT,E,false
2748638,"",Result: COMP,"","",false
2748639,041,MATHEMATICS,"","",false
2748639,"",Result: XXXX,"","",false
2748640,030,ECONOMICS,005F,E,false
2748640,"",Result: COMP,"","",false
2748641,030,ECONOMICS,046,C1,false
2748641,"",Result: PASS,"","",false
2748642,042,PHYSICS,037FT,E,false
2748642,"",Result: COMP,"","",false
2748643,301,ENGLISH CORE,043,D1,false
2748643,154,BUSINESS STUDIES,050,D1,false
2748643,055,ACCOUNTANCY,042,D2,false
2748643,041,MATHEMATICS,ABA,"",false
2748643,048,PHYSICAL EDUCATION,076,B2,false
2748643,"",Result: COMP,"","",false
2748644,041,MATHEMATICS,013F,E,false
2748644,"",Result: COMP,"","",false
2748645,030,ECONOMICS,013F,E,false
2748645,"",Result: XXXX,"","",false
2748646,044,BIOLOGY,055,D2,false
2748646,"",Result: PASS,"","",false
2748647,041,MATHEMATICS,083,A2,false
2748647,042,PHYSICS,064,B2,false
2748647,043,CHEMISTRY,074,B2,false
2748647,048,PHYSICAL EDUCATION,082,A2,false
2748647,301,ENGLISH CORE,ABA,"",false
2748647,"",Result: XXXX,"","",false
2748648,055,ACCOUNTANCY,046,D1,false
2748648,"",Result: PASS,"","",false
2748649,030,ECONOMICS,044,C2,false
2748649,"",Result: PASS,"","",false
2748650,042,PHYSICS,036FT,E,false
2748650,"",Result: COMP,"","",false
2748651,041,MATHEMATICS,011F,E,false
2748651,"",Result: XXXX,"","",false
2748652,030,ECONOMICS,033,D2,false
2748652,"",Result: PASS,"","",false
2748653,043,CHEMISTRY,056,D1,false
2748653,"",Result: PASS,"","",false
2748654,041,MATHEMATICS,054,C1,false
2748654,"",Result: XXXX,"","",false
2748655,301,ENGLISH CORE,069,B2,false
2748655,041,MATHEMATICS,034,D2,false
2748655,042,PHYSICS,043FT,E,false
2748655,043,CHEMISTRY,055,D1,false
2748655,048,PHYSICAL EDUCATION,073,B2,false
2748655,"",Result: XXXX,"","",false
2748656,055,ACCOUNTANCY,058,C1,false
2748656,"",Result: PASS,"","",false
2748657,041,MATHEMATICS,009F,E,false
2748657,"",Result: COMP,"","",false
2748658,301,ENGLISH CORE,059,C2,false
2748658,041,MATHEMATICS,068,B1,false
2748658,042,PHYSICS,044,D2,false
2748658,043,CHEMISTRY,057,D1,false
2748658,048,PHYSICAL EDUCATION,058,D1,false
2748658,500,WORK EXPERIENCE,---,A1,false
2748658,502,PHY & HEALTH EDUCA,---,A1,false
2748658,503,GENERAL STUDIES,---,A2,false
2748658,"",Result: PASS,"","",false
2748659,301,ENGLISH CORE,068,C1,false
2748659,041,MATHEMATICS,033,D2,false
2748659,042,PHYSICS,051,D2,false
2748659,043,CHEMISTRY,054,D1,false
2748659,048,PHYSICAL EDUCATION,084,A2,false
2748659,500,WORK EXPERIENCE,---,A1,false
2748659,502,PHY & HEALTH EDUCA,---,A2,false
2748659,503,GENERAL STUDIES,---,B1,false
2748659,"",Result: PASS,"","",false
2748660,301,ENGLISH CORE,079,B1,false
2748660,041,MATHEMATICS,085,A2,false
2748660,042,PHYSICS,082,A2,false
2748660,043,CHEMISTRY,083,B1,false
2748660,049,PAINTING,088,B2,false
2748660,500,WORK EXPERIENCE,---,A1,false
2748660,502,PHY & HEALTH EDUCA,---,B1,false
2748660,503,GENERAL STUDIES,---,A1,false
2748660,"",Result: PASS,"","",false
2748661,301,ENGLISH CORE,040,D2,false
2748661,041,MATHEMATICS,003F,E,false
2748661,042,PHYSICS,030FT,E,false
2748661,043,CHEMISTRY,028FT,E,false
2748661,034,MUSIC HIND.VOCAL,070FT,E,false
2748661,500,WORK EXPERIENCE,---,A1,false
2748661,502,PHY & HEALTH EDUCA,---,B1,false
2748661,503,GENERAL STUDIES,---,B2,false
2748661,044,BIOLOGY,028 FT,E,true
2748661,"",Result: FAIL,"","",true
2748662,301,ENGLISH CORE,009F,E,false
2748662,034,MUSIC HIND.VOCAL,080,D1,false
2748662,042,PHYSICS,032FT,E,false
2748662,044,BIOLOGY,030FT,E,false
2748662,048,PHYSICAL EDUCATION,053,D2,false
2748662,500,WORK EXPERIENCE,---,A1,false
2748662,502,PHY & HEALTH EDUCA,---,B1,false
2748662,503,GENERAL STUDIES,---,B2,false
2748662,043,CHEMISTRY,037 FT,E,true
2748662,"",Result: FAIL,"","",true
2748663,301,ENGLISH CORE,072,B2,false
2748663,044,BIOLOGY,057,D1,false
2748663,042,PHYSICS,050,D2,false
2748663,043,CHEMISTRY,051,D2,false
2748663,048,PHYSICAL EDUCATION,057,D1,false
2748663,500,WORK EXPERIENCE,---,A1,false
2748663,502,PHY & HEALTH EDUCA,---,B1,false
2748663,503,GENERAL STUDIES,---,A1,false
2748663,"",Result: PASS,"","",false
2748664,042,PHYSICS,066,B2,false
2748664,"",Result: PASS,"","",false
2748665,041,MATHEMATICS,010F,E,false
2748665,"",Result: COMP,"","",false
2748666,041,MATHEMATICS,ABA,"",false
2748666,042,PHYSICS,027FT,E,false
2748666,048,PHYSICAL EDUCATION,029FT,E,false
2748666,"",Result: XXXX,"","",false
2748667,042,PHYSICS,038FT,E,false
2748667,"",Result: XXXX,"","",false
2748668,041,MATHEMATICS,011F,E,false
2748668,"",Result: XXXX,"","",false
2748669,301,ENGLISH CORE,040,D2,false
2748669,302,HINDI CORE,069,C1,false
2748669,027,HISTORY,043,C2,false
2748669,028,POLITICAL SCIENCE,033,D2,false
2748669,048,PHYSICAL EDUCATION,050,D2,false
2748669,500,WORK EXPERIENCE,---,A2,false
2748669,502,PHY & HEALTH EDUCA,---,A1,false
2748669,503,GENERAL STUDIES,---,A1,false
2748669,"",Result: PASS,"","",false
2748670,041,MATHEMATICS,043,D1,false
2748670,"",Result: PASS,"","",false
2748671,055,ACCOUNTANCY,"","",false
2748671,"",Result: SJD.,"","",false
2748672,041,MATHEMATICS,010F,E,false
2748672,"",Result: COMP,"","",false
